"device_id","type","bucket_step_minutes","timestamp","wind_lull","wind_avg","wind_gust","wind_dir","wind_interval","pressure","temperature","humidity","lux","uv","solar_radiation","precip","precip_type","strike_distance","strike_count","battery","report_interval","local_daily_precip","precip_final","local_daily_precip_final","precip_analysis_type"
246921,obs_st,1,1711013220,0,0.23,1.25,256,3,1016.7,-0.8,48,0,0,0,0,0,0,0,2.62,1,0,0,0,0,
246921,obs_st,1,1711013280,0,0.64,1.42,253,3,1016.7,-0.9,48,0,0,0,0,0,0,0,2.61,1,0,0,0,0,
246921,obs_st,1,1711013340,0,0.4,0.93,260,3,1016.7,-0.9,48,0,0,0,0,0,0,0,2.62,1,0,0,0,0,
246921,obs_st,1,1711013400,0,0.19,0.85,253,3,1016.8,-0.9,48,0,0,0,0,0,0,0,2.62,1,0,0,0,0,
246921,obs_st,1,1711013460,0,0.61,1.11,301,3,1016.8,-0.9,49,0,0,0,0,0,0,0,2.62,1,0,0,0,0,
246921,obs_st,1,1711013520,0.54,1.39,2.46,332,3,1016.8,-0.9,48,0,0,0,0,0,0,0,2.62,1,0,0,0,0,
246921,obs_st,1,1711013580,0.04,0.61,1.23,249,3,1016.8,-0.9,48,0,0,0,0,0,0,0,2.62,1,0,0,0,0,
246921,obs_st,1,1711013640,0.2,1.04,1.55,260,3,1016.8,-0.9,48,0,0,0,0,0,0,0,2.62,1,0,0,0,0,
246921,obs_st,1,1711013700,0.28,1.24,2.08,228,3,1016.8,-1,49,0,0,0,0,0,0,0,2.62,1,0,0,0,0,
246921,obs_st,1,1711013760,0.02,1.03,2.31,325,3,1016.8,-1,49,0,0,0,0,0,0,0,2.62,1,0,0,0,0,
246921,obs_st,1,1711013820,0,0.35,1.41,338,3,1016.9,-1,49,0,0,0,0,0,0,0,2.62,1,0,0,0,0,
246921,obs_st,1,1711013880,0.01,0.98,2.18,303,3,1016.9,-1,49,0,0,0,0,0,0,0,2.62,1,0,0,0,0,
246921,obs_st,1,1711013940,0,0.7,1.26,306,3,1016.8,-1,49,0,0,0,0,0,0,0,2.62,1,0,0,0,0,
246921,obs_st,1,1711014000,0,0.83,1.77,347,3,1016.9,-1,49,0,0,0,0,0,0,0,2.62,1,0,0,0,0,
246921,obs_st,1,1711014060,0.12,1.25,2.41,343,3,1016.9,-1,49,0,0,0,0,0,0,0,2.62,1,0,0,0,0,
246921,obs_st,1,1711014120,0.03,1.46,3.19,323,3,1016.9,-1,49,0,0,0,0,0,0,0,2.62,1,0,0,0,0,
246921,obs_st,1,1711014180,0.41,1.64,2.62,316,3,1016.9,-1,48,0,0,0,0,0,0,0,2.62,1,0,0,0,0,
246921,obs_st,1,1711014240,0.08,1.07,2.62,284,3,1016.9,-0.9,48,0,0,0,0,0,0,0,2.62,1,0,0,0,0,
246921,obs_st,1,1711014300,0.01,0.87,1.65,311,3,1016.9,-0.9,48,0,0,0,0,0,0,0,2.62,1,0,0,0,0,
246921,obs_st,1,1711014360,0,0.39,1.5,337,3,1016.9,-0.9,48,0,0,0,0,0,0,0,2.62,1,0,0,0,0,
246921,obs_st,1,1711014420,0,0.17,0.61,269,3,1017,-0.9,48,0,0,0,0,0,0,0,2.62,1,0,0,0,0,
246921,obs_st,1,1711014480,0.7,1.85,3.11,279,3,1016.9,-0.9,48,0,0,0,0,0,0,0,2.62,1,0,0,0,0,
246921,obs_st,1,1711014540,0.4,1.47,2.86,327,3,1017,-0.9,48,0,0,0,0,0,0,0,2.62,1,0,0,0,0,
246921,obs_st,1,1711014600,0.33,1.32,2.29,293,3,1017,-0.9,48,0,0,0,0,0,0,0,2.62,1,0,0,0,0,
246921,obs_st,1,1711014660,0.04,1.37,2.87,330,3,1017,-0.9,47,0,0,0,0,0,0,0,2.61,1,0,0,0,0,
246921,obs_st,1,1711014720,0,1.4,2.75,352,3,1017,-0.9,47,0,0,0,0,0,0,0,2.62,1,0,0,0,0,
246921,obs_st,1,1711014780,0.59,1.43,2.24,352,3,1017,-0.9,47,0,0,0,0,0,0,0,2.62,1,0,0,0,0,
246921,obs_st,1,1711014840,0.13,1.18,2.02,345,3,1017.1,-0.9,47,0,0,0,0,0,0,0,2.62,1,0,0,0,0,
246921,obs_st,1,1711014900,0.06,1.27,2.2,315,3,1017,-0.9,47,0,0,0,0,0,0,0,2.62,1,0,0,0,0,
246921,obs_st,1,1711014960,0.01,0.95,1.75,248,3,1017.1,-0.9,47,0,0,0,0,0,0,0,2.62,1,0,0,0,0,
246921,obs_st,1,1711015020,0.03,0.78,1.4,253,3,1017.1,-0.9,47,0,0,0,0,0,0,0,2.62,1,0,0,0,0,
246921,obs_st,1,1711015080,0.01,1.08,2.53,323,3,1017.1,-0.9,47,0,0,0,0,0,0,0,2.62,1,0,0,0,0,
246921,obs_st,1,1711015140,0.93,1.84,3.63,335,3,1017.1,-0.9,47,0,0,0,0,0,0,0,2.62,1,0,0,0,0,
246921,obs_st,1,1711015200,0.01,1.13,3.1,305,3,1017.1,-0.9,47,0,0,0,0,0,0,0,2.62,1,0,0,0,0,
246921,obs_st,1,1711015260,0.23,1.74,3.62,339,3,1017.1,-0.9,46,0,0,0,0,0,0,0,2.62,1,0,0,0,0,
246921,obs_st,1,1711015320,0,0.91,2.5,326,3,1017.1,-0.9,46,0,0,0,0,0,0,0,2.62,1,0,0,0,0,
246921,obs_st,1,1711015380,0.21,1.16,2.06,334,3,1017.1,-0.9,47,0,0,0,0,0,0,0,2.62,1,0,0,0,0,
246921,obs_st,1,1711015440,0.28,1.08,1.98,336,3,1017.1,-0.9,46,0,0,0,0,0,0,0,2.62,1,0,0,0,0,
246921,obs_st,1,1711015500,0.14,1.17,2.49,323,3,1017.2,-0.9,46,0,0,0,0,0,0,0,2.62,1,0,0,0,0,
246921,obs_st,1,1711015560,0.01,0.89,2.11,333,3,1017.2,-1,47,0,0,0,0,0,0,0,2.62,1,0,0,0,0,
246921,obs_st,1,1711015620,0,0.59,1.45,239,3,1017.2,-1,47,0,0,0,0,0,0,0,2.62,1,0,0,0,0,
246921,obs_st,1,1711015680,0.92,2.05,3.36,339,3,1017.3,-1,47,0,0,0,0,0,0,0,2.62,1,0,0,0,0,
246921,obs_st,1,1711015740,0.77,1.34,1.96,290,3,1017.2,-1,46,0,0,0,0,0,0,0,2.62,1,0,0,0,0,
246921,obs_st,1,1711015800,0.04,1.12,1.91,293,3,1017.3,-1,46,0,0,0,0,0,0,0,2.62,1,0,0,0,0,
246921,obs_st,1,1711015860,0.08,1.1,2.32,326,3,1017.3,-1,46,0,0,0,0,0,0,0,2.62,1,0,0,0,0,
246921,obs_st,1,1711015920,0.28,1.09,2.33,340,3,1017.3,-1,45,1,0,0,0,0,0,0,2.62,1,0,0,0,0,
246921,obs_st,1,1711015980,0.4,2.1,3.76,334,3,1017.4,-1,45,1,0,0,0,0,0,0,2.62,1,0,0,0,0,
246921,obs_st,1,1711016040,0.61,2.19,3.58,320,3,1017.4,-1,44,1,0,0,0,0,0,0,2.62,1,0,0,0,0,
246921,obs_st,1,1711016100,0.22,1.52,2.95,304,3,1017.4,-1,44,1,0,0,0,0,0,0,2.62,1,0,0,0,0,
246921,obs_st,1,1711016160,0.47,1.86,2.9,333,3,1017.4,-1,44,1,0,0,0,0,0,0,2.62,1,0,0,0,0,
246921,obs_st,1,1711016220,0.14,1.43,2.14,343,3,1017.4,-1,45,1,0,0,0,0,0,0,2.62,1,0,0,0,0,
246921,obs_st,1,1711016280,0,0.58,1.73,322,3,1017.5,-1,45,1,0,0,0,0,0,0,2.61,1,0,0,0,0,
246921,obs_st,1,1711016340,0.16,1.83,3.29,344,3,1017.5,-1,45,1,0,0,0,0,0,0,2.62,1,0,0,0,0,
246921,obs_st,1,1711016400,0.02,0.95,2.2,335,3,1017.5,-1,45,1,0,0,0,0,0,0,2.62,1,0,0,0,0,
246921,obs_st,1,1711016460,0.35,1.2,2.01,313,3,1017.5,-1,45,1,0,0,0,0,0,0,2.62,1,0,0,0,0,
246921,obs_st,1,1711016520,0.05,1,1.92,311,3,1017.5,-1,45,1,0,0,0,0,0,0,2.62,1,0,0,0,0,
246921,obs_st,1,1711016580,0,0.24,0.87,242,3,1017.6,-1,45,1,0,0,0,0,0,0,2.62,1,0,0,0,0,
246921,obs_st,1,1711016640,0,0.64,1.59,315,3,1017.6,-1.1,45,1,0,0,0,0,0,0,2.62,1,0,0,0,0,
246921,obs_st,1,1711016700,0.05,1.03,1.99,266,3,1017.6,-1.1,45,1,0,0,0,0,0,0,2.62,1,0,0,0,0,
246921,obs_st,1,1711016760,0.44,1.72,2.56,343,3,1017.6,-1.1,44,1,0,0,0,0,0,0,2.61,1,0,0,0,0,
246921,obs_st,1,1711016820,0,0.92,2.53,348,3,1017.6,-1.1,44,1,0,0,0,0,0,0,2.62,1,0,0,0,0,
246921,obs_st,1,1711016880,0.01,1.53,3.1,341,3,1017.7,-1.1,45,1,0,0,0,0,0,0,2.62,1,0,0,0,0,
246921,obs_st,1,1711016940,0.03,1.06,1.87,272,3,1017.7,-1.1,44,1,0,0,0,0,0,0,2.61,1,0,0,0,0,
246921,obs_st,1,1711017000,0.25,1.15,1.97,264,3,1017.7,-1.1,44,2,0,0,0,0,0,0,2.62,1,0,0,0,0,
246921,obs_st,1,1711017060,0.04,1.58,3.42,339,3,1017.7,-1.1,44,3,0,0,0,0,0,0,2.62,1,0,0,0,0,
246921,obs_st,1,1711017120,0.49,1.37,2.73,345,3,1017.7,-1.1,44,3,0,0,0,0,0,0,2.62,1,0,0,0,0,
246921,obs_st,1,1711017180,0.05,1,2.17,257,3,1017.7,-1.1,44,3,0,0,0,0,0,0,2.62,1,0,0,0,0,
246921,obs_st,1,1711017240,0.08,1.34,3.48,331,3,1017.8,-1.1,44,4,0,0,0,0,0,0,2.62,1,0,0,0,0,
246921,obs_st,1,1711017300,0.02,1.01,2.53,330,3,1017.8,-1.1,44,4,0,0,0,0,0,0,2.62,1,0,0,0,0,
246921,obs_st,1,1711017360,0.15,1.47,3.65,282,3,1017.8,-1.1,44,4,0,0,0,0,0,0,2.62,1,0,0,0,0,
246921,obs_st,1,1711017420,0.04,0.9,1.84,342,3,1017.8,-1.1,44,5,0,0,0,0,0,0,2.61,1,0,0,0,0,
246921,obs_st,1,1711017480,0.12,1.23,3.1,334,3,1017.9,-1.1,44,7,0,0,0,0,0,0,2.62,1,0,0,0,0,
246921,obs_st,1,1711017540,0.12,1.07,1.89,285,3,1017.9,-1.1,44,9,0,0,0,0,0,0,2.62,1,0,0,0,0,
246921,obs_st,1,1711017600,0.75,1.59,2.53,341,3,1017.9,-1.1,44,11,0,0,0,0,0,0,2.62,1,0,0,0,0,
246921,obs_st,1,1711017660,0.03,0.97,2.26,344,3,1017.9,-1.1,44,14,0,0,0,0,0,0,2.62,1,0,0,0,0,
246921,obs_st,1,1711017720,0,0.87,1.74,335,3,1017.9,-1.1,44,18,0,0,0,0,0,0,2.62,1,0,0,0,0,
246921,obs_st,1,1711017780,0.12,1,2.06,248,3,1017.9,-1.1,44,22,0,0,0,0,0,0,2.62,1,0,0,0,0,
246921,obs_st,1,1711017840,0.25,0.86,1.84,299,3,1018,-1.1,44,27,0,0,0,0,0,0,2.62,1,0,0,0,0,
246921,obs_st,1,1711017900,0.09,1.24,2.46,341,3,1018,-1.1,45,34,0,0,0,0,0,0,2.61,1,0,0,0,0,
246921,obs_st,1,1711017960,0,0.26,0.79,301,3,1018,-1.2,45,42,0,0,0,0,0,0,2.61,1,0,0,0,0,
246921,obs_st,1,1711018020,0,0.03,0.57,241,3,1018,-1.2,45,49,0,0,0,0,0,0,2.62,1,0,0,0,0,
246921,obs_st,1,1711018080,0.05,0.81,1.48,339,3,1018.1,-1.2,45,60,0,1,0,0,0,0,2.62,1,0,0,0,0,
246921,obs_st,1,1711018140,0,0.29,1.05,280,3,1018.1,-1.2,46,72,0,1,0,0,0,0,2.62,1,0,0,0,0,
246921,obs_st,1,1711018200,0,0.29,0.84,255,3,1018.1,-1.2,46,86,0,1,0,0,0,0,2.61,1,0,0,0,0,
246921,obs_st,1,1711018260,0.58,1.02,2.21,248,3,1018.1,-1.3,46,102,0,1,0,0,0,0,2.62,1,0,0,0,0,
246921,obs_st,1,1711018320,0.88,1.98,3.73,291,3,1018.1,-1.3,45,119,0,1,0,0,0,0,2.62,1,0,0,0,0,
246921,obs_st,1,1711018380,0.02,0.91,1.68,338,3,1018.1,-1.3,45,139,0,1,0,0,0,0,2.62,1,0,0,0,0,
246921,obs_st,1,1711018440,0.62,1.37,2.56,348,3,1018.1,-1.3,45,161,0,2,0,0,0,0,2.62,1,0,0,0,0,
246921,obs_st,1,1711018500,0.29,2.07,3.71,348,3,1018.1,-1.3,45,185,0,2,0,0,0,0,2.62,1,0,0,0,0,
246921,obs_st,1,1711018560,0.01,1.01,2.18,311,3,1018.2,-1.3,45,211,0.01,2,0,0,0,0,2.62,1,0,0,0,0,
246921,obs_st,1,1711018620,0.73,1.18,1.89,335,3,1018.2,-1.3,45,241,0.01,2,0,0,0,0,2.62,1,0,0,0,0,
246921,obs_st,1,1711018680,0,0.55,2.05,231,3,1018.3,-1.3,45,271,0.01,3,0,0,0,0,2.62,1,0,0,0,0,
246921,obs_st,1,1711018740,0.63,1.2,1.73,339,3,1018.3,-1.3,45,306,0.01,3,0,0,0,0,2.62,1,0,0,0,0,
246921,obs_st,1,1711018800,0,0.52,1.21,264,3,1018.3,-1.3,45,343,0.01,3,0,0,0,0,2.61,1,0,0,0,0,
246921,obs_st,1,1711018860,0.94,1.8,3.07,326,3,1018.3,-1.3,45,382,0.01,4,0,0,0,0,2.62,1,0,0,0,0,
246921,obs_st,1,1711018920,0.85,1.48,2.12,346,3,1018.3,-1.3,44,423,0.01,4,0,0,0,0,2.62,1,0,0,0,0,
246921,obs_st,1,1711018980,0.06,1.46,2.38,345,3,1018.3,-1.3,45,468,0.01,4,0,0,0,0,2.62,1,0,0,0,0,
246921,obs_st,1,1711019040,0.01,0.75,1.59,324,3,1018.4,-1.3,45,514,0.02,4,0,0,0,0,2.61,1,0,0,0,0,
246921,obs_st,1,1711019100,0.02,1.17,2.33,351,3,1018.4,-1.3,45,562,0.02,4,0,0,0,0,2.61,1,0,0,0,0,
246921,obs_st,1,1711019160,0.11,1.61,2.6,349,3,1018.4,-1.3,45,612,0.02,5,0,0,0,0,2.61,1,0,0,0,0,
246921,obs_st,1,1711019220,0.01,1.2,3.2,322,3,1018.4,-1.3,45,663,0.02,5,0,0,0,0,2.61,1,0,0,0,0,
246921,obs_st,1,1711019280,0,0.53,1.56,235,3,1018.4,-1.3,45,716,0.02,6,0,0,0,0,2.62,1,0,0,0,0,
246921,obs_st,1,1711019340,0,0.8,1.73,327,3,1018.5,-1.3,45,768,0.02,6,0,0,0,0,2.61,1,0,0,0,0,
246921,obs_st,1,1711019400,0.01,0.66,1.5,345,3,1018.5,-1.3,45,822,0.03,7,0,0,0,0,2.61,1,0,0,0,0,
246921,obs_st,1,1711019460,0.04,1.21,1.88,351,3,1018.5,-1.3,45,878,0.03,7,0,0,0,0,2.62,1,0,0,0,0,
246921,obs_st,1,1711019520,0,0.7,1.76,319,3,1018.5,-1.3,45,933,0.03,8,0,0,0,0,2.61,1,0,0,0,0,
246921,obs_st,1,1711019580,0.02,0.6,1.76,340,3,1018.6,-1.3,45,988,0.03,8,0,0,0,0,2.62,1,0,0,0,0,
246921,obs_st,1,1711019640,0.07,0.67,1.47,327,3,1018.5,-1.3,45,1044,0.03,9,0,0,0,0,2.62,1,0,0,0,0,
246921,obs_st,1,1711019700,0.48,1.17,1.95,335,3,1018.6,-1.3,45,1099,0.04,9,0,0,0,0,2.62,1,0,0,0,0,
246921,obs_st,1,1711019760,0.06,0.83,2.21,291,3,1018.6,-1.3,45,1154,0.04,10,0,0,0,0,2.61,1,0,0,0,0,
246921,obs_st,1,1711019820,0.02,1.01,2.04,341,3,1018.6,-1.3,45,1212,0.04,10,0,0,0,0,2.62,1,0,0,0,0,
246921,obs_st,1,1711019880,0,0.8,2.05,346,3,1018.6,-1.3,45,1266,0.04,11,0,0,0,0,2.62,1,0,0,0,0,
246921,obs_st,1,1711019940,0,0.53,1.22,299,3,1018.7,-1.3,46,1320,0.04,11,0,0,0,0,2.61,1,0,0,0,0,
246921,obs_st,1,1711020000,0.48,1.14,1.9,235,3,1018.7,-1.3,46,1373,0.05,11,0,0,0,0,2.61,1,0,0,0,0,
246921,obs_st,1,1711020060,0.5,1.43,2.12,341,3,1018.7,-1.4,46,1426,0.05,11,0,0,0,0,2.61,1,0,0,0,0,
246921,obs_st,1,1711020120,0,0.58,1.55,298,3,1018.7,-1.4,46,1478,0.05,12,0,0,0,0,2.61,1,0,0,0,0,
246921,obs_st,1,1711020180,0.02,0.96,1.64,345,3,1018.7,-1.4,46,1531,0.05,12,0,0,0,0,2.61,1,0,0,0,0,
246921,obs_st,1,1711020240,0.01,0.68,1.33,311,3,1018.7,-1.4,46,1582,0.05,13,0,0,0,0,2.62,1,0,0,0,0,
246921,obs_st,1,1711020300,0,1.09,2.1,347,3,1018.8,-1.4,46,1632,0.05,13,0,0,0,0,2.62,1,0,0,0,0,
246921,obs_st,1,1711020360,0,0.58,1.83,329,3,1018.8,-1.4,46,1684,0.06,14,0,0,0,0,2.62,1,0,0,0,0,
246921,obs_st,1,1711020420,0.19,1.57,3.89,338,3,1018.8,-1.4,46,1734,0.06,14,0,0,0,0,2.61,1,0,0,0,0,
246921,obs_st,1,1711020480,0.86,1.45,2.25,338,3,1018.8,-1.4,46,1782,0.06,15,0,0,0,0,2.62,1,0,0,0,0,
246921,obs_st,1,1711020540,0,0.41,1.29,330,3,1018.8,-1.4,46,1830,0.06,15,0,0,0,0,2.61,1,0,0,0,0,
246921,obs_st,1,1711020600,0.36,1.3,1.97,345,3,1018.8,-1.3,46,1879,0.06,16,0,0,0,0,2.61,1,0,0,0,0,
246921,obs_st,1,1711020660,0.42,1.17,1.93,342,3,1018.9,-1.3,47,1925,0.06,16,0,0,0,0,2.61,1,0,0,0,0,
246921,obs_st,1,1711020720,0,0.04,0.42,280,3,1018.9,-1.3,47,1971,0.07,17,0,0,0,0,2.61,1,0,0,0,0,
246921,obs_st,1,1711020780,0,0.8,1.86,352,3,1018.9,-1.3,47,2017,0.07,17,0,0,0,0,2.62,1,0,0,0,0,
246921,obs_st,1,1711020840,0,0.72,1.58,319,3,1019,-1.3,47,2062,0.07,17,0,0,0,0,2.61,1,0,0,0,0,
246921,obs_st,1,1711020900,0.02,1.07,2.03,319,3,1019,-1.3,47,2107,0.07,18,0,0,0,0,2.61,1,0,0,0,0,
246921,obs_st,1,1711020960,0.19,1.21,2.11,343,3,1019,-1.3,47,2149,0.07,18,0,0,0,0,2.62,1,0,0,0,0,
246921,obs_st,1,1711021020,0.01,0.75,1.75,336,3,1019,-1.3,47,2191,0.07,19,0,0,0,0,2.61,1,0,0,0,0,
246921,obs_st,1,1711021080,0.07,1.06,1.64,341,3,1019,-1.3,47,2240,0.08,19,0,0,0,0,2.61,1,0,0,0,0,
246921,obs_st,1,1711021140,0,0.5,1.25,327,3,1019,-1.3,48,2308,0.08,19,0,0,0,0,2.61,1,0,0,0,0,
246921,obs_st,1,1711021200,0,0.81,2.3,327,3,1019.1,-1.3,48,2366,0.08,19,0,0,0,0,2.61,1,0,0,0,0,
246921,obs_st,1,1711021260,0.51,1.75,4.09,267,3,1019.1,-1.3,47,2392,0.08,20,0,0,0,0,2.61,1,0,0,0,0,
246921,obs_st,1,1711021320,0,0.95,2.72,336,3,1019,-1.2,47,2460,0.08,20,0,0,0,0,2.61,1,0,0,0,0,
246921,obs_st,1,1711021380,0.22,1.81,3.41,347,3,1019.1,-1.2,47,2567,0.09,21,0,0,0,0,2.61,1,0,0,0,0,
246921,obs_st,1,1711021440,1.03,1.96,2.98,349,3,1019.1,-1.2,47,2533,0.09,21,0,0,0,0,2.61,1,0,0,0,0,
246921,obs_st,1,1711021500,0.28,1.26,2.17,318,3,1019.1,-1.2,47,2521,0.08,21,0,0,0,0,2.61,1,0,0,0,0,
246921,obs_st,1,1711021560,0.06,1.5,3,338,3,1019.1,-1.2,47,2559,0.09,21,0,0,0,0,2.61,1,0,0,0,0,
246921,obs_st,1,1711021620,0.39,1.4,2.28,325,3,1019.1,-1.2,47,2591,0.09,21,0,0,0,0,2.61,1,0,0,0,0,
246921,obs_st,1,1711021680,0.68,1.85,2.97,347,3,1019.2,-1.1,47,2628,0.09,22,0,0,0,0,2.61,1,0,0,0,0,
246921,obs_st,1,1711021740,0.02,1.41,2.59,338,3,1019.2,-1.1,47,2680,0.09,22,0,0,0,0,2.61,1,0,0,0,0,
246921,obs_st,1,1711021800,0.01,1.21,2.43,352,3,1019.2,-1.1,47,2781,0.09,23,0,0,0,0,2.61,1,0,0,0,0,
246921,obs_st,1,1711021860,0.07,1.31,3.2,344,3,1019.2,-1.1,47,2934,0.1,25,0,0,0,0,2.62,1,0,0,0,0,
246921,obs_st,1,1711021920,0.05,1.18,3.33,300,3,1019.2,-1.1,47,3273,0.11,27,0,0,0,0,2.61,1,0,0,0,0,
246921,obs_st,1,1711021980,0.02,0.96,1.75,335,3,1019.2,-1.1,47,3551,0.12,29,0,0,0,0,2.61,1,0,0,0,0,
246921,obs_st,1,1711022040,0.08,1.37,2.01,347,3,1019.2,-1,48,3282,0.11,27,0,0,0,0,2.61,1,0,0,0,0,
246921,obs_st,1,1711022100,0,0.47,1.85,317,3,1019.2,-1,48,3830,0.13,32,0,0,0,0,2.61,1,0,0,0,0,
246921,obs_st,1,1711022160,0.01,0.98,2.05,314,3,1019.2,-1,48,4938,0.17,42,0,0,0,0,2.62,1,0,0,0,0,
246921,obs_st,1,1711022220,0.6,1.12,1.6,340,3,1019.2,-1,48,4909,0.17,41,0,0,0,0,2.61,1,0,0,0,0,
246921,obs_st,1,1711022280,0.29,1.45,2.4,342,3,1019.2,-0.9,48,3697,0.12,31,0,0,0,0,2.61,1,0,0,0,0,
246921,obs_st,1,1711022340,0.08,1.02,1.82,263,3,1019.3,-0.9,48,3040,0.1,26,0,0,0,0,2.61,1,0,0,0,0,
246921,obs_st,1,1711022400,0,0.64,1.57,318,3,1019.3,-0.9,48,3076,0.1,26,0,0,0,0,2.61,1,0,0,0,0,
246921,obs_st,1,1711022460,0.59,1.4,2.17,346,3,1019.3,-0.9,48,3138,0.11,27,0,0,0,0,2.61,1,0,0,0,0,
246921,obs_st,1,1711022520,0.02,0.85,1.6,294,3,1019.3,-0.9,48,3211,0.11,27,0,0,0,0,2.61,1,0,0,0,0,
246921,obs_st,1,1711022580,0,0.58,1.11,234,3,1019.3,-0.9,48,3421,0.12,28,0,0,0,0,2.61,1,0,0,0,0,
246921,obs_st,1,1711022640,0,0.42,1.71,310,3,1019.4,-0.9,49,3427,0.12,28,0,0,0,0,2.61,1,0,0,0,0,
246921,obs_st,1,1711022700,0,0.42,1.71,344,3,1019.4,-0.8,49,3251,0.11,27,0,0,0,0,2.62,1,0,0,0,0,
246921,obs_st,1,1711022760,0,0.88,1.33,310,3,1019.3,-0.8,49,3259,0.11,27,0,0,0,0,2.61,1,0,0,0,0,
246921,obs_st,1,1711022820,0,0.31,1.09,344,3,1019.4,-0.8,49,3254,0.11,27,0,0,0,0,2.61,1,0,0,0,0,
246921,obs_st,1,1711022880,0,0.75,1.46,299,3,1019.3,-0.8,49,3297,0.11,27,0,0,0,0,2.61,1,0,0,0,0,
246921,obs_st,1,1711022940,0,0.93,1.85,341,3,1019.4,-0.8,49,3373,0.11,28,0,0,0,0,2.61,1,0,0,0,0,
246921,obs_st,1,1711023000,0,1.14,3.03,299,3,1019.4,-0.8,49,4182,0.14,34,0,0,0,0,2.61,1,0,0,0,0,
246921,obs_st,1,1711023060,0.54,1.58,2.64,330,3,1019.3,-0.8,48,5733,0.19,48,0,0,0,0,2.61,1,0,0,0,0,
246921,obs_st,1,1711023120,1,1.69,2.96,325,3,1019.4,-0.8,48,7547,0.26,63,0,0,0,0,2.62,1,0,0,0,0,
246921,obs_st,1,1711023180,0.57,1.2,2.56,322,3,1019.3,-0.7,48,7153,0.24,59,0,0,0,0,2.61,1,0,0,0,0,
246921,obs_st,1,1711023240,0.06,0.82,1.68,331,3,1019.3,-0.7,48,5592,0.19,47,0,0,0,0,2.61,1,0,0,0,0,
246921,obs_st,1,1711023300,0.02,1.71,3.42,332,3,1019.4,-0.7,48,4979,0.17,42,0,0,0,0,2.61,1,0,0,0,0,
246921,obs_st,1,1711023360,0.28,2.18,4.04,344,3,1019.4,-0.7,47,4471,0.15,37,0,0,0,0,2.61,1,0,0,0,0,
246921,obs_st,1,1711023420,0.76,2.25,3.47,344,3,1019.4,-0.7,47,4287,0.15,35,0,0,0,0,2.61,1,0,0,0,0,
246921,obs_st,1,1711023480,0.91,2.29,3.76,343,3,1019.4,-0.7,47,4762,0.16,40,0,0,0,0,2.61,1,0,0,0,0,
246921,obs_st,1,1711023540,0.01,0.85,2.18,306,3,1019.4,-0.6,47,5267,0.18,44,0,0,0,0,2.62,1,0,0,0,0,
246921,obs_st,1,1711023600,0.25,1,1.74,339,3,1019.4,-0.6,47,6337,0.22,53,0,0,0,0,2.62,1,0,0,0,0,
246921,obs_st,1,1711023660,0.75,1.58,3.01,295,3,1019.4,-0.6,47,7797,0.27,65,0,0,0,0,2.62,1,0,0,0,0,
246921,obs_st,1,1711023720,0.45,1.18,2.18,298,3,1019.4,-0.6,46,7309,0.25,61,0,0,0,0,2.61,1,0,0,0,0,
246921,obs_st,1,1711023780,0.22,0.75,1.51,303,3,1019.4,-0.6,46,4970,0.17,42,0,0,0,0,2.61,1,0,0,0,0,
246921,obs_st,1,1711023840,0,0.73,2.7,254,3,1019.4,-0.6,46,3803,0.13,32,0,0,0,0,2.61,1,0,0,0,0,
246921,obs_st,1,1711023900,0,1.27,3.4,324,3,1019.4,-0.6,46,4135,0.14,34,0,0,0,0,2.61,1,0,0,0,0,
246921,obs_st,1,1711023960,0.06,1.01,3.01,335,3,1019.4,-0.5,46,5869,0.2,49,0,0,0,0,2.61,1,0,0,0,0,
246921,obs_st,1,1711024020,0.99,1.6,3.2,337,3,1019.4,-0.5,46,8538,0.29,72,0,0,0,0,2.62,1,0,0,0,0,
246921,obs_st,1,1711024080,0.29,1.18,2.54,298,3,1019.4,-0.5,46,10934,0.37,91,0,0,0,0,2.62,1,0,0,0,0,
246921,obs_st,1,1711024140,0.18,1.36,2.82,347,3,1019.4,-0.5,46,10487,0.35,87,0,0,0,0,2.62,1,0,0,0,0,
246921,obs_st,1,1711024200,0.44,1.87,3.12,343,3,1019.4,-0.4,45,9504,0.32,80,0,0,0,0,2.62,1,0,0,0,0,
246921,obs_st,1,1711024260,0.19,1.02,2.6,293,3,1019.4,-0.4,45,9556,0.32,80,0,0,0,0,2.62,1,0,0,0,0,
246921,obs_st,1,1711024320,0.15,1.38,3.26,342,3,1019.4,-0.4,45,10429,0.35,87,0,0,0,0,2.63,1,0,0,0,0,
246921,obs_st,1,1711024380,0.48,1.38,2.94,315,3,1019.4,-0.4,45,9486,0.32,79,0,0,0,0,2.62,1,0,0,0,0,
246921,obs_st,1,1711024440,0.38,1.88,3.47,315,3,1019.5,-0.3,45,9682,0.33,80,0,0,0,0,2.62,1,0,0,0,0,
246921,obs_st,1,1711024500,0.44,1.74,3.6,298,3,1019.5,-0.3,45,11132,0.38,93,0,0,0,0,2.62,1,0,0,0,0,
246921,obs_st,1,1711024560,1.23,2.13,3.39,340,3,1019.5,-0.3,44,9899,0.33,82,0,0,0,0,2.62,1,0,0,0,0,
246921,obs_st,1,1711024620,0.4,1.55,3.22,344,3,1019.5,-0.3,45,7852,0.27,65,0,0,0,0,2.62,1,0,0,0,0,
246921,obs_st,1,1711024680,0.34,1.55,2.67,305,3,1019.5,-0.3,44,8345,0.28,70,0,0,0,0,2.62,1,0,0,0,0,
246921,obs_st,1,1711024740,0.05,1.53,3.04,288,3,1019.5,-0.2,44,9409,0.32,79,0,0,0,0,2.62,1,0,0,0,0,
246921,obs_st,1,1711024800,0.08,1.26,2.54,325,3,1019.5,-0.2,43,9063,0.31,75,0,0,0,0,2.62,1,0,0,0,0,
246921,obs_st,1,1711024860,0.83,1.96,2.89,342,3,1019.5,-0.2,43,9853,0.33,82,0,0,0,0,2.62,1,0,0,0,0,
246921,obs_st,1,1711024920,0.04,1.68,3.86,344,3,1019.5,-0.2,44,12159,0.41,102,0,0,0,0,2.62,1,0,0,0,0,
246921,obs_st,1,1711024980,1.04,2.77,4.07,351,3,1019.5,-0.2,43,13389,0.45,111,0,0,0,0,2.62,1,0,0,0,0,
246921,obs_st,1,1711025040,0.82,1.94,4.29,322,3,1019.5,-0.2,44,11366,0.38,95,0,0,0,0,2.62,1,0,0,0,0,
246921,obs_st,1,1711025100,1.28,2.13,2.98,344,3,1019.5,-0.2,43,7010,0.24,58,0,0,0,0,2.62,1,0,0,0,0,
246921,obs_st,1,1711025160,0.01,0.95,2.32,314,3,1019.5,-0.2,44,4279,0.14,35,0,0,0,0,2.62,1,0,0,0,0,
246921,obs_st,1,1711025220,0.56,2.16,3.37,346,3,1019.6,-0.2,44,5632,0.19,47,0,0,0,0,2.62,1,0,0,0,0,
246921,obs_st,1,1711025280,0.58,1.96,4,301,3,1019.5,-0.2,43,10185,0.34,85,0,0,0,0,2.62,1,0,0,0,0,
246921,obs_st,1,1711025340,0.24,1.84,3.19,275,3,1019.6,-0.2,43,10180,0.34,85,0,0,0,0,2.62,1,0,0,0,0,
246921,obs_st,1,1711025400,0.15,1.79,3.11,315,3,1019.7,-0.2,43,7382,0.25,62,0,0,0,0,2.62,1,0,0,0,0,
246921,obs_st,1,1711025460,1.58,2.8,4.29,332,3,1019.6,-0.2,43,4742,0.16,40,0,0,0,0,2.62,1,0,0,0,0,
246921,obs_st,1,1711025520,0.85,2.24,4.03,345,3,1019.6,-0.2,43,6513,0.22,54,0,0,0,0,2.62,1,0,0,0,0,
246921,obs_st,1,1711025580,0.67,2.05,3.91,325,3,1019.6,-0.2,43,10375,0.35,87,0,0,0,0,2.62,1,0,0,0,0,
246921,obs_st,1,1711025640,0.55,1.6,2.8,343,3,1019.5,-0.2,43,12660,0.43,105,0,0,0,0,2.62,1,0,0,0,0,
246921,obs_st,1,1711025700,0.08,1.14,2.84,319,3,1019.5,-0.2,43,11983,0.41,100,0,0,0,0,2.63,1,0,0,0,0,
246921,obs_st,1,1711025760,0.15,2.01,3.29,344,3,1019.6,-0.2,43,10244,0.35,86,0,0,0,0,2.62,1,0,0,0,0,
246921,obs_st,1,1711025820,0.05,1.34,2.9,272,3,1019.5,-0.2,42,8279,0.28,69,0,0,0,0,2.62,1,0,0,0,0,
246921,obs_st,1,1711025880,0.07,1.86,3.16,346,3,1019.6,-0.2,43,10978,0.37,92,0,0,0,0,2.62,1,0,0,0,0,
246921,obs_st,1,1711025940,0.46,1.94,3.87,309,3,1019.6,-0.2,43,15084,0.51,125,0,0,0,0,2.63,1,0,0,0,0,
246921,obs_st,1,1711026000,0.01,0.97,2.51,256,3,1019.6,-0.2,43,16029,0.54,133,0,0,0,0,2.63,1,0,0,0,0,
246921,obs_st,1,1711026060,0.2,1.21,1.99,313,3,1019.6,-0.1,43,11856,0.4,99,0,0,0,0,2.63,1,0,0,0,0,
246921,obs_st,1,1711026120,0.21,1.36,3.02,337,3,1019.5,-0.1,43,8963,0.3,75,0,0,0,0,2.63,1,0,0,0,0,
246921,obs_st,1,1711026180,0.33,1.57,2.95,252,3,1019.5,-0.1,42,6890,0.23,57,0,0,0,0,2.62,1,0,0,0,0,
246921,obs_st,1,1711026240,0.24,1.44,2.77,329,3,1019.6,-0.1,42,5829,0.2,49,0,0,0,0,2.62,1,0,0,0,0,
246921,obs_st,1,1711026300,0.06,0.99,2.24,312,3,1019.6,-0.1,43,4576,0.15,38,0,0,0,0,2.62,1,0,0,0,0,
246921,obs_st,1,1711026360,1.01,1.8,3.22,331,3,1019.5,-0.1,43,5357,0.18,45,0,0,0,0,2.62,1,0,0,0,0,
246921,obs_st,1,1711026420,0.78,2.86,5.77,356,3,1019.6,-0,42,10720,0.36,89,0,0,0,0,2.62,1,0,0,0,0,
246921,obs_st,1,1711026480,0.71,1.78,2.69,330,3,1019.6,-0,42,20324,0.69,170,0,0,0,0,2.62,1,0,0,0,0,
246921,obs_st,1,1711026540,0.73,2.48,4.11,348,3,1019.6,-0,42,12698,0.43,106,0,0,0,0,2.63,1,0,0,0,0,
246921,obs_st,1,1711026600,0.24,2.15,3.35,341,3,1019.7,0,42,5178,0.18,43,0,0,0,0,2.62,1,0,0,0,0,
246921,obs_st,1,1711026660,1.34,2.52,3.53,347,3,1019.6,0,42,5116,0.17,42,0,0,0,0,2.62,1,0,0,0,0,
246921,obs_st,1,1711026720,0.32,2.15,4.03,342,3,1019.5,0.1,42,11378,0.38,95,0,0,0,0,2.62,1,0,0,0,0,
246921,obs_st,1,1711026780,0.53,2.12,3.76,342,3,1019.6,0.1,42,20865,0.71,174,0,0,0,0,2.63,1,0,0,0,0,
246921,obs_st,1,1711026840,0.45,1.72,3.09,324,3,1019.6,0.1,42,25077,0.85,209,0,0,0,0,2.63,1,0,0,0,0,
246921,obs_st,1,1711026900,0.4,1.17,2.3,319,3,1019.6,0.2,42,23107,0.79,193,0,0,0,0,2.63,1,0,0,0,0,
246921,obs_st,1,1711026960,0.48,2.4,3.9,352,3,1019.5,0.2,42,24330,0.83,202,0,0,0,0,2.63,1,0,0,0,0,
246921,obs_st,1,1711027020,1.37,2.86,4.18,344,3,1019.5,0.3,41,25470,0.86,212,0,0,0,0,2.63,1,0,0,0,0,
246921,obs_st,1,1711027080,0.85,1.73,3.09,316,3,1019.6,0.3,41,26350,0.89,219,0,0,0,0,2.63,1,0,0,0,0,
246921,obs_st,1,1711027140,0.21,1.82,3.67,317,3,1019.6,0.3,41,17859,0.61,148,0,0,0,0,2.63,1,0,0,0,0,
246921,obs_st,1,1711027200,0.05,1.35,3.28,332,3,1019.5,0.3,41,14805,0.5,124,0,0,0,0,2.63,1,0,0,0,0,
246921,obs_st,1,1711027260,0.01,1.13,2.27,351,3,1019.5,0.3,42,15289,0.52,127,0,0,0,0,2.63,1,0,0,0,0,
246921,obs_st,1,1711027320,0.7,1.92,3.87,320,3,1019.5,0.4,41,15138,0.51,126,0,0,0,0,2.63,1,0,0,0,0,
246921,obs_st,1,1711027380,0.32,1.71,3.94,319,3,1019.6,0.4,41,13283,0.45,110,0,0,0,0,2.63,1,0,0,0,0,
246921,obs_st,1,1711027440,0.94,2.39,3.99,342,3,1019.6,0.4,41,16594,0.56,138,0,0,0,0,2.63,1,0,0,0,0,
246921,obs_st,1,1711027500,0.9,1.77,3.81,285,3,1019.5,0.4,41,17193,0.58,143,0,0,0,0,2.63,1,0,0,0,0,
246921,obs_st,1,1711027560,0.01,2.05,4.4,338,3,1019.5,0.4,41,16927,0.57,141,0,0,0,0,2.63,1,0,0,0,0,
246921,obs_st,1,1711027620,0.61,1.44,2.99,341,3,1019.5,0.4,41,15889,0.54,133,0,0,0,0,2.63,1,0,0,0,0,
246921,obs_st,1,1711027680,0.59,1.96,4.02,337,3,1019.5,0.4,41,17870,0.61,149,0,0,0,0,2.63,1,0,0,0,0,
246921,obs_st,1,1711027740,0.85,1.84,2.91,343,3,1019.6,0.4,41,19470,0.66,163,0,0,0,0,2.63,1,0,0,0,0,
246921,obs_st,1,1711027800,0.54,2.03,3.27,347,3,1019.5,0.4,41,18433,0.63,154,0,0,0,0,2.64,1,0,0,0,0,
246921,obs_st,1,1711027860,0.13,1.43,3.56,312,3,1019.6,0.4,41,12763,0.43,106,0,0,0,0,2.63,1,0,0,0,0,
246921,obs_st,1,1711027920,0.06,1.89,3.57,243,3,1019.5,0.5,41,11260,0.38,94,0,0,0,0,2.63,1,0,0,0,0,
246921,obs_st,1,1711027980,0.53,1.91,3.44,336,3,1019.5,0.5,41,12335,0.42,103,0,0,0,0,2.63,1,0,0,0,0,
246921,obs_st,1,1711028040,0.85,1.96,2.66,299,3,1019.5,0.5,41,14963,0.51,125,0,0,0,0,2.63,1,0,0,0,0,
246921,obs_st,1,1711028100,0.3,1.66,3.32,273,3,1019.5,0.6,41,8135,0.28,68,0,0,0,0,2.63,1,0,0,0,0,
246921,obs_st,1,1711028160,0.94,2.02,3.57,345,3,1019.5,0.6,41,7136,0.24,59,0,0,0,0,2.63,1,0,0,0,0,
246921,obs_st,1,1711028220,0.07,1.69,3.59,343,3,1019.5,0.6,42,5844,0.2,49,0,0,0,0,2.63,1,0,0,0,0,
246921,obs_st,1,1711028280,0.41,1.66,3.09,345,3,1019.5,0.7,41,6879,0.23,57,0,0,0,0,2.63,1,0,0,0,0,
246921,obs_st,1,1711028340,0.51,2.42,3.73,338,3,1019.5,0.7,41,9199,0.31,77,0,0,0,0,2.59,1,0,0,0,0,
246921,obs_st,1,1711028400,0.42,1.73,3.58,330,3,1019.5,0.7,40,10913,0.37,91,0,0,0,0,2.63,1,0,0,0,0,
246921,obs_st,1,1711028460,0.19,1.42,3.32,322,3,1019.5,0.7,40,12807,0.43,107,0,0,0,0,2.63,1,0,0,0,0,
246921,obs_st,1,1711028520,0.65,2.09,3.69,300,3,1019.6,0.7,40,13016,0.44,109,0,0,0,0,2.63,1,0,0,0,0,
246921,obs_st,1,1711028580,0.16,1.95,3.44,336,3,1019.6,0.7,40,17925,0.61,149,0,0,0,0,2.63,1,0,0,0,0,
246921,obs_st,1,1711028640,0.4,1.75,3.4,345,3,1019.6,0.7,41,15377,0.52,128,0,0,0,0,2.63,1,0,0,0,0,
246921,obs_st,1,1711028700,0.66,2.06,3.99,324,3,1019.6,0.7,40,27073,0.92,225,0,0,0,0,2.64,1,0,0,0,0,
246921,obs_st,1,1711028760,0.53,2.29,3.58,327,3,1019.6,0.7,41,29475,1,246,0,0,0,0,2.64,1,0,0,0,0,
246921,obs_st,1,1711028820,0.62,1.58,3.75,287,3,1019.6,0.7,41,31225,1.06,260,0,0,0,0,2.63,1,0,0,0,0,
246921,obs_st,1,1711028880,0.06,1.28,2.4,276,3,1019.6,0.7,41,27088,0.92,225,0,0,0,0,2.63,1,0,0,0,0,
246921,obs_st,1,1711028940,0.22,1.03,2.28,311,3,1019.6,0.7,41,17816,0.6,148,0,0,0,0,2.64,1,0,0,0,0,
246921,obs_st,1,1711029000,0.85,2.5,3.87,338,3,1019.6,0.8,40,23294,0.79,194,0,0,0,0,2.64,1,0,0,0,0,
246921,obs_st,1,1711029060,0.55,1.72,4,313,3,1019.6,0.8,40,16693,0.57,139,0,0,0,0,2.64,1,0,0,0,0,
246921,obs_st,1,1711029120,0.11,0.99,2.16,329,3,1019.7,0.8,41,14323,0.49,119,0,0,0,0,2.64,1,0,0,0,0,
246921,obs_st,1,1711029180,1.19,2.44,3.7,345,3,1019.6,0.8,40,14504,0.49,121,0,0,0,0,2.64,1,0,0,0,0,
246921,obs_st,1,1711029240,1.1,2.61,3.93,326,3,1019.7,0.8,40,12303,0.42,103,0,0,0,0,2.63,1,0,0,0,0,
246921,obs_st,1,1711029300,0,1.21,4.07,329,3,1019.6,0.8,41,10275,0.35,86,0,0,0,0,2.63,1,0,0,0,0,
246921,obs_st,1,1711029360,0.02,1.19,3.43,295,3,1019.6,0.8,40,6350,0.22,53,0,0,0,0,2.63,1,0,0,0,0,
246921,obs_st,1,1711029420,0.94,2.28,4.19,338,3,1019.6,0.8,40,5405,0.18,45,0,0,0,0,2.63,1,0,0,0,0,
246921,obs_st,1,1711029480,1.49,2.79,4.56,342,3,1019.6,0.8,40,5342,0.18,44,0,0,0,0,2.63,1,0,0,0,0,
246921,obs_st,1,1711029540,0.64,2.34,4.38,329,3,1019.6,0.9,40,5263,0.18,44,0,0,0,0,2.63,1,0,0,0,0,
246921,obs_st,1,1711029600,0.31,1.48,2.22,347,3,1019.6,0.9,40,5252,0.18,44,0,0,0,0,2.63,1,0,0,0,0,
246921,obs_st,1,1711029660,0.64,1.98,3.43,352,3,1019.5,0.9,40,5256,0.18,44,0,0,0,0,2.63,1,0,0,0,0,
246921,obs_st,1,1711029720,0.79,1.84,3.85,332,3,1019.5,0.9,40,5261,0.18,44,0,0,0,0,2.63,1,0,0,0,0,
246921,obs_st,1,1711029780,0.26,1.61,2.98,339,3,1019.5,1,40,5290,0.18,44,0,0,0,0,2.63,1,0,0,0,0,
246921,obs_st,1,1711029840,1.49,2.68,3.79,343,3,1019.5,1,40,5292,0.18,44,0,0,0,0,2.63,1,0,0,0,0,
246921,obs_st,1,1711029900,0.56,2.27,3.83,348,3,1019.5,1.1,40,5486,0.19,46,0,0,0,0,2.63,1,0,0,0,0,
246921,obs_st,1,1711029960,1.4,2.8,3.82,353,3,1019.5,1.1,39,6888,0.23,57,0,0,0,0,2.63,1,0,0,0,0,
246921,obs_st,1,1711030020,0.93,2.28,3.99,351,3,1019.5,1.1,39,8122,0.28,68,0,0,0,0,2.63,1,0,0,0,0,
246921,obs_st,1,1711030080,0.93,1.71,2.57,322,3,1019.5,1.1,39,6127,0.21,51,0,0,0,0,2.63,1,0,0,0,0,
246921,obs_st,1,1711030140,0.57,1.96,2.84,356,3,1019.5,1.1,39,5465,0.19,46,0,0,0,0,2.63,1,0,0,0,0,
246921,obs_st,1,1711030200,1.43,2.3,3.21,347,3,1019.5,1.1,40,6050,0.21,50,0,0,0,0,2.63,1,0,0,0,0,
246921,obs_st,1,1711030260,1.05,2.16,3.8,340,3,1019.6,1.2,40,6237,0.21,52,0,0,0,0,2.63,1,0,0,0,0,
246921,obs_st,1,1711030320,1.12,2.17,3.55,297,3,1019.6,1.2,40,8634,0.29,72,0,0,0,0,2.63,1,0,0,0,0,
246921,obs_st,1,1711030380,0.13,1,2.19,325,3,1019.6,1.2,40,8593,0.29,72,0,0,0,0,2.63,1,0,0,0,0,
246921,obs_st,1,1711030440,0.01,1.51,3.08,313,3,1019.7,1.2,40,6819,0.23,57,0,0,0,0,2.63,1,0,0,0,0,
246921,obs_st,1,1711030500,0.07,1.59,3.55,309,3,1019.6,1.3,41,6189,0.21,51,0,0,0,0,2.63,1,0,0,0,0,
246921,obs_st,1,1711030560,0.14,1.26,2.21,306,3,1019.5,1.3,41,5429,0.18,45,0,0,0,0,2.63,1,0,0,0,0,
246921,obs_st,1,1711030620,0.03,1.37,3.66,340,3,1019.7,1.4,40,5446,0.18,45,0,0,0,0,2.63,1,0,0,0,0,
246921,obs_st,1,1711030680,1.32,2.54,3.64,316,3,1019.7,1.5,39,8584,0.29,72,0,0,0,0,2.63,1,0,0,0,0,
246921,obs_st,1,1711030740,0.88,1.61,2.41,342,3,1019.6,1.5,39,15285,0.52,127,0,0,0,0,2.63,1,0,0,0,0,
246921,obs_st,1,1711030800,0.4,1.97,4.62,336,3,1019.7,1.5,39,24425,0.83,203,0,0,0,0,2.63,1,0,0,0,0,
246921,obs_st,1,1711030860,1.21,2.76,5.73,320,3,1019.5,1.5,39,40393,1.37,337,0,0,0,0,2.63,1,0,0,0,0,
246921,obs_st,1,1711030920,1.12,2.94,4.2,335,3,1019.6,1.5,39,46524,1.58,388,0,0,0,0,2.63,1,0,0,0,0,
246921,obs_st,1,1711030980,0,1.25,3.1,334,3,1019.6,1.5,39,43081,1.46,359,0,0,0,0,2.64,1,0,0,0,0,
246921,obs_st,1,1711031040,1.15,2.36,3.84,338,3,1019.5,1.5,39,44283,1.5,369,0,0,0,0,2.65,1,0,0,0,0,
246921,obs_st,1,1711031100,0.32,2.59,3.84,359,3,1019.5,1.4,39,41813,1.42,348,0,0,0,0,2.65,1,0,0,0,0,
246921,obs_st,1,1711031160,0.03,2.75,4.74,346,3,1019.6,1.4,39,42108,1.43,351,0,0,0,0,2.64,1,0,0,0,0,
246921,obs_st,1,1711031220,1.15,2.18,3.51,312,3,1019.6,1.4,40,41053,1.4,342,0,0,0,0,2.65,1,0,0,0,0,
246921,obs_st,1,1711031280,0.71,1.67,3.2,230,3,1019.6,1.4,40,29090,0.99,242,0,0,0,0,2.64,1,0,0,0,0,
246921,obs_st,1,1711031340,0,0.89,2.14,281,3,1019.6,1.5,40,28457,0.97,237,0,0,0,0,2.64,1,0,0,0,0,
246921,obs_st,1,1711031400,0.25,1.13,2.06,358,3,1019.5,1.5,40,27758,0.94,232,0,0,0,0,2.65,1,0,0,0,0,
246921,obs_st,1,1711031460,0.53,1.27,2.42,330,3,1019.5,1.6,40,33126,1.13,276,0,0,0,0,2.65,1,0,0,0,0,
246921,obs_st,1,1711031520,0.37,1.89,3.2,291,3,1019.5,1.7,39,37934,1.29,316,0,0,0,0,2.65,1,0,0,0,0,
246921,obs_st,1,1711031580,0.34,1.6,3.32,338,3,1019.4,1.8,40,35707,1.21,298,0,0,0,0,2.65,1,0,0,0,0,
246921,obs_st,1,1711031640,0.63,2.02,4.12,306,3,1019.6,1.8,39,42926,1.46,358,0,0,0,0,2.65,1,0,0,0,0,
246921,obs_st,1,1711031700,0.09,1.4,2.7,250,3,1019.6,1.8,40,55993,1.9,467,0,0,0,0,2.65,1,0,0,0,0,
246921,obs_st,1,1711031760,0.04,1.78,3.1,329,3,1019.5,1.8,40,57174,1.95,476,0,0,0,0,2.65,1,0,0,0,0,
246921,obs_st,1,1711031820,0.23,1.45,3.74,302,3,1019.6,1.8,40,55553,1.89,463,0,0,0,0,2.66,1,0,0,0,0,
246921,obs_st,1,1711031880,0.62,2.35,4.13,272,3,1019.6,1.8,40,42732,1.45,356,0,0,0,0,2.66,1,0,0,0,0,
246921,obs_st,1,1711031940,1.32,2.2,3.7,340,3,1019.6,1.8,41,32793,1.11,273,0,0,0,0,2.65,1,0,0,0,0,
246921,obs_st,1,1711032000,0.94,2.45,3.76,343,3,1019.7,1.8,40,22879,0.78,191,0,0,0,0,2.66,1,0,0,0,0,
246921,obs_st,1,1711032060,0.27,2.32,3.99,344,3,1019.7,1.8,41,9056,0.3,75,0,0,0,0,2.65,1,0,0,0,0,
246921,obs_st,1,1711032120,0.94,2.22,3.68,349,3,1019.6,1.8,39,8721,0.29,72,0,0,0,0,2.65,1,0,0,0,0,
246921,obs_st,1,1711032180,1.64,2.76,4.1,344,3,1019.7,1.8,40,9142,0.31,76,0,0,0,0,2.65,1,0,0,0,0,
246921,obs_st,1,1711032240,0.17,1.86,3.33,1,3,1019.7,1.9,40,6294,0.21,52,0,0,0,0,2.65,1,0,0,0,0,
246921,obs_st,1,1711032300,1.01,2.02,3.34,351,3,1019.6,1.9,39,8728,0.29,72,0,0,0,0,2.65,1,0,0,0,0,
246921,obs_st,1,1711032360,1.02,1.95,3.22,297,3,1019.7,1.9,40,23402,0.8,195,0,0,0,0,2.65,1,0,0,0,0,
246921,obs_st,1,1711032420,0.67,2.44,4.81,296,3,1019.7,1.9,39,34546,1.17,288,0,0,0,0,2.66,1,0,0,0,0,
246921,obs_st,1,1711032480,0.85,2.49,4.48,260,3,1019.8,1.9,39,36653,1.25,306,0,0,0,0,2.66,1,0,0,0,0,
246921,obs_st,1,1711032540,0.05,1.53,3.24,346,3,1019.8,1.9,39,42446,1.44,354,0,0,0,0,2.66,1,0,0,0,0,
246921,obs_st,1,1711032600,0.13,1.2,2.47,350,3,1019.8,1.9,40,39034,1.33,325,0,0,0,0,2.66,1,0,0,0,0,
246921,obs_st,1,1711032660,0.08,1.59,3.64,281,3,1019.6,1.9,39,39331,1.34,328,0,0,0,0,2.66,1,0,0,0,0,
246921,obs_st,1,1711032720,0.17,1.43,2.47,291,3,1019.6,1.9,40,41402,1.41,345,0,0,0,0,2.66,1,0,0,0,0,
246921,obs_st,1,1711032780,0.65,1.83,3.28,244,3,1019.6,1.9,40,33562,1.14,279,0,0,0,0,2.65,1,0,0,0,0,
246921,obs_st,1,1711032840,0.74,1.98,3.01,236,3,1019.6,1.9,39,19421,0.66,162,0,0,0,0,2.66,1,0,0,0,0,
246921,obs_st,1,1711032900,0.76,1.59,2.9,295,3,1019.6,1.9,39,19209,0.65,160,0,0,0,0,2.66,1,0,0,0,0,
246921,obs_st,1,1711032960,0.88,2.04,3.78,322,3,1019.6,2,40,15943,0.54,133,0,0,0,0,2.66,1,0,0,0,0,
246921,obs_st,1,1711033020,0.57,1.73,2.97,345,3,1019.6,2,40,17791,0.6,148,0,0,0,0,2.66,1,0,0,0,0,
246921,obs_st,1,1711033080,1.1,2.58,3.83,334,3,1019.7,2.1,39,29239,0.99,244,0,0,0,0,2.66,1,0,0,0,0,
246921,obs_st,1,1711033140,0.24,2.44,4.52,349,3,1019.7,2.2,38,31670,1.08,264,0,0,0,0,2.66,1,0,0,0,0,
246921,obs_st,1,1711033200,0.1,2.05,3.89,328,3,1019.7,2.2,39,31869,1.08,265,0,0,0,0,2.66,1,0,0,0,0,
246921,obs_st,1,1711033260,0.3,1.38,3.41,331,3,1019.7,2.2,39,35717,1.21,298,0,0,0,0,2.67,1,0,0,0,0,
246921,obs_st,1,1711033320,0.16,1.18,3.26,335,3,1019.7,2.2,39,35907,1.22,300,0,0,0,0,2.67,1,0,0,0,0,
246921,obs_st,1,1711033380,0.56,2.91,5.41,345,3,1019.7,2.2,38,43056,1.46,359,0,0,0,0,2.67,1,0,0,0,0,
246921,obs_st,1,1711033440,1.18,2.83,4.29,348,3,1019.7,2.2,38,47116,1.6,392,0,0,0,0,2.67,1,0,0,0,0,
246921,obs_st,1,1711033500,0.58,2.35,3.9,338,3,1019.8,2.1,38,52772,1.79,440,0,0,0,0,2.67,1,0,0,0,0,
246921,obs_st,1,1711033560,0.56,2.03,3.37,354,3,1019.6,2.1,38,63180,2.15,527,0,0,0,0,2.67,1,0,0,0,0,
246921,obs_st,1,1711033620,0.45,1.55,2.66,319,3,1019.6,2.1,39,70598,2.4,589,0,0,0,0,2.67,1,0,0,0,0,
246921,obs_st,1,1711033680,0.04,1.32,3.1,318,3,1019.6,2.2,38,72528,2.47,605,0,0,0,0,2.68,1,0,0,0,0,
246921,obs_st,1,1711033740,0.22,1.59,3.34,327,3,1019.6,2.3,38,73039,2.48,609,0,0,0,0,2.68,1,0,0,0,0,
246921,obs_st,1,1711033800,0.21,1.77,4.02,304,3,1019.5,2.3,38,70603,2.4,589,0,0,0,0,2.68,1,0,0,0,0,
246921,obs_st,1,1711033860,0.16,1.57,3.42,334,3,1019.6,2.3,38,53316,1.81,445,0,0,0,0,2.69,1,0,0,0,0,
246921,obs_st,1,1711033920,1.75,3.12,4.45,350,3,1019.5,2.3,38,44154,1.5,368,0,0,0,0,2.68,1,0,0,0,0,
246921,obs_st,1,1711033980,0.03,2.06,4.13,342,3,1019.6,2.3,38,67617,2.3,564,0,0,0,0,2.69,1,0,0,0,0,
246921,obs_st,1,1711034040,1.35,2.24,3.04,338,3,1019.5,2.3,39,70067,2.38,584,0,0,0,0,2.69,1,0,0,0,0,
246921,obs_st,1,1711034100,0.02,1.73,2.99,326,3,1019.6,2.4,39,65887,2.24,549,0,0,0,0,2.7,1,0,0,0,0,
246921,obs_st,1,1711034160,0.68,1.74,3.32,311,3,1019.5,2.4,39,72708,2.47,606,0,0,0,0,2.7,1,0,0,0,0,
246921,obs_st,1,1711034220,1.09,2.73,3.76,347,3,1019.5,2.4,38,68927,2.34,574,0,0,0,0,2.7,1,0,0,0,0,
246921,obs_st,1,1711034280,0.48,1.95,4.12,351,3,1019.5,2.4,39,63714,2.17,531,0,0,0,0,2.71,1,0,0,0,0,
246921,obs_st,1,1711034340,0.54,2.13,3.88,344,3,1019.5,2.4,39,58551,1.99,488,0,0,0,0,2.71,1,0,0,0,0,
246921,obs_st,1,1711034400,0.74,2.24,4.34,347,3,1019.4,2.4,39,64428,2.19,536,0,0,0,0,2.72,1,0,0,0,0,
246921,obs_st,1,1711034460,1.02,2.46,3.53,353,3,1019.5,2.4,38,51885,1.76,432,0,0,0,0,2.73,1,0,0,0,0,
246921,obs_st,1,1711034520,0.67,1.65,3.21,339,3,1019.6,2.4,39,20931,0.71,174,0,0,0,0,2.72,1,0,0,0,0,
246921,obs_st,1,1711034580,0.81,1.83,2.73,312,3,1019.5,2.4,39,42644,1.45,355,0,0,0,0,2.72,1,0,0,0,0,
246921,obs_st,1,1711034640,0.66,1.99,3.3,241,3,1019.5,2.4,39,61342,2.08,511,0,0,0,0,2.73,1,0,0,0,0,
246921,obs_st,1,1711034700,0.75,1.65,2.46,265,3,1019.5,2.5,39,59315,2.01,494,0,0,0,0,2.74,1,0,0,0,0,
246921,obs_st,1,1711034760,1.54,2.79,4.09,342,3,1019.5,2.5,38,56715,1.93,473,0,0,0,0,2.75,1,0,0,0,0,
246921,obs_st,1,1711034820,0.06,1.44,2.64,352,3,1019.5,2.4,39,59559,2.02,497,0,0,0,0,2.76,1,0,0,0,0,
246921,obs_st,1,1711034880,0.16,1.56,2.86,338,3,1019.6,2.4,39,60973,2.07,508,0,0,0,0,2.78,1,0,0,0,0,
246921,obs_st,1,1711034940,0.59,1.94,3.63,234,3,1019.5,2.5,39,51774,1.76,431,0,0,0,0,2.78,1,0,0,0,0,
246921,obs_st,1,1711035000,0,1,2.25,255,3,1019.6,2.5,39,51024,1.73,425,0,0,0,0,2.79,1,0,0,0,0,
246921,obs_st,1,1711035060,0.12,1.83,4.36,285,3,1019.6,2.5,39,42597,1.45,355,0,0,0,0,2.78,1,0,0,0,0,
246921,obs_st,1,1711035120,0.64,1.89,3.78,280,3,1019.7,2.5,38,16148,0.55,134,0,0,0,0,2.77,1,0,0,0,0,
246921,obs_st,1,1711035180,0.83,1.65,2.87,297,3,1019.7,2.5,39,20550,0.7,171,0,0,0,0,2.77,1,0,0,0,0,
246921,obs_st,1,1711035240,0.42,2,3.95,344,3,1019.7,2.6,38,43700,1.48,364,0,0,0,0,2.79,1,0,0,0,0,
246921,obs_st,1,1711035300,0.63,1.88,3.16,1,3,1019.7,2.6,38,51903,1.76,432,0,0,0,0,2.79,1,0,0,0,0,
246921,obs_st,1,1711035360,1.81,2.34,3.41,345,3,1019.6,2.7,38,57574,1.96,480,0,0,0,0,2.79,1,0,0,0,0,
246921,obs_st,1,1711035420,0.92,1.57,2.51,336,3,1019.6,2.7,38,53412,1.82,445,0,0,0,0,2.79,1,0,0,0,0,
246921,obs_st,1,1711035480,0.07,1.15,1.97,234,3,1019.6,2.7,39,45423,1.54,378,0,0,0,0,2.79,1,0,0,0,0,
246921,obs_st,1,1711035540,0.41,1.31,2.06,250,3,1019.6,2.7,38,42707,1.45,356,0,0,0,0,2.79,1,0,0,0,0,
246921,obs_st,1,1711035600,0.11,1.66,3.83,316,3,1019.6,2.8,39,46825,1.59,391,0,0,0,0,2.79,1,0,0,0,0,
246921,obs_st,1,1711035660,1.12,2.59,4.22,305,3,1019.7,2.8,37,50978,1.73,425,0,0,0,0,2.79,1,0,0,0,0,
246921,obs_st,1,1711035720,0.88,2.02,3.9,302,3,1019.7,2.8,38,41372,1.41,345,0,0,0,0,2.79,1,0,0,0,0,
246921,obs_st,1,1711035780,0.3,1.63,3.24,282,3,1019.7,2.8,39,40452,1.38,337,0,0,0,0,2.79,1,0,0,0,0,
246921,obs_st,1,1711035840,0.09,2.08,3.99,252,3,1019.7,2.8,38,26217,0.89,218,0,0,0,0,2.79,1,0,0,0,0,
246921,obs_st,1,1711035900,0.81,2.43,4.05,219,3,1019.8,2.8,37,26802,0.91,224,0,0,0,0,2.79,1,0,0,0,0,
246921,obs_st,1,1711035960,0.85,2.62,4.31,336,3,1019.7,2.8,38,28920,0.98,241,0,0,0,0,2.79,1,0,0,0,0,
246921,obs_st,1,1711036020,0.31,1.96,3.51,298,3,1019.8,2.8,38,32632,1.11,272,0,0,0,0,2.79,1,0,0,0,0,
246921,obs_st,1,1711036080,0.76,2.23,4.9,341,3,1019.7,2.8,38,26927,0.91,224,0,0,0,0,2.79,1,0,0,0,0,
246921,obs_st,1,1711036140,0.77,2.18,4.45,353,3,1019.7,2.8,37,19182,0.65,160,0,0,0,0,2.79,1,0,0,0,0,
246921,obs_st,1,1711036200,0.68,1.97,5,334,3,1019.8,2.8,37,9506,0.32,80,0,0,0,0,2.79,1,0,0,0,0,
246921,obs_st,1,1711036260,1.1,2.28,4.04,320,3,1019.8,2.8,37,10752,0.36,89,0,0,0,0,2.79,1,0,0,0,0,
246921,obs_st,1,1711036320,1,1.87,3.64,315,3,1019.8,2.8,37,11478,0.39,95,0,0,0,0,2.79,1,0,0,0,0,
246921,obs_st,1,1711036380,0.55,2.27,4,340,3,1019.7,2.8,37,14417,0.49,120,0,0,0,0,2.79,1,0,0,0,0,
246921,obs_st,1,1711036440,0.64,1.84,3.38,336,3,1019.6,2.8,38,31221,1.06,260,0,0,0,0,2.79,1,0,0,0,0,
246921,obs_st,1,1711036500,0.04,1.81,3.59,339,3,1019.7,2.9,37,46438,1.58,387,0,0,0,0,2.79,1,0,0,0,0,
246921,obs_st,1,1711036560,0.61,1.75,2.74,323,3,1019.6,2.9,38,52596,1.79,438,0,0,0,0,2.79,1,0,0,0,0,
246921,obs_st,1,1711036620,0.9,2.09,3.5,264,3,1019.7,3,37,66726,2.27,556,0,0,0,0,2.79,1,0,0,0,0,
246921,obs_st,1,1711036680,1.18,2.33,3.52,236,3,1019.7,3,37,64168,2.18,535,0,0,0,0,2.79,1,0,0,0,0,
246921,obs_st,1,1711036740,0.21,1.14,2.17,332,3,1019.8,3,38,56181,1.91,468,0,0,0,0,2.79,1,0,0,0,0,
246921,obs_st,1,1711036800,0.07,1.04,2.1,262,3,1019.7,3,39,65708,2.23,548,0,0,0,0,2.79,1,0,0,0,0,
246921,obs_st,1,1711036860,1.24,2.16,3.86,230,3,1019.6,3.1,37,79958,2.72,666,0,0,0,0,2.79,1,0,0,0,0,
246921,obs_st,1,1711036920,0.58,1.18,2.65,345,3,1019.6,3.2,38,68041,2.31,567,0,0,0,0,2.79,1,0,0,0,0,
246921,obs_st,1,1711036980,0.34,2.19,3.46,340,3,1019.6,3.2,37,68184,2.32,568,0,0,0,0,2.79,1,0,0,0,0,
246921,obs_st,1,1711037040,0.5,2,4.23,340,3,1019.6,3.2,37,75074,2.55,626,0,0,0,0,2.79,1,0,0,0,0,
246921,obs_st,1,1711037100,0.38,2.12,5.11,287,3,1019.7,3.2,37,76732,2.61,640,0,0,0,0,2.79,1,0,0,0,0,
246921,obs_st,1,1711037160,0.16,1.23,2.96,282,3,1019.5,3.3,37,79599,2.71,664,0,0,0,0,2.79,1,0,0,0,0,
246921,obs_st,1,1711037220,1.02,2.17,3.61,332,3,1019.5,3.3,37,80050,2.72,667,0,0,0,0,2.79,1,0,0,0,0,
246921,obs_st,1,1711037280,0.35,1.5,3.17,336,3,1019.6,3.3,37,78336,2.66,653,0,0,0,0,2.79,1,0,0,0,0,
246921,obs_st,1,1711037340,0.35,1.5,2.86,244,3,1019.5,3.3,37,83882,2.85,699,0,0,0,0,2.79,1,0,0,0,0,
246921,obs_st,1,1711037400,0.48,1.63,2.58,256,3,1019.5,3.3,37,88949,3.03,742,0,0,0,0,2.79,1,0,0,0,0,
246921,obs_st,1,1711037460,0.58,1.67,3.12,321,3,1019.5,3.3,38,84158,2.86,702,0,0,0,0,2.79,1,0,0,0,0,
246921,obs_st,1,1711037520,1.49,2.56,3.74,343,3,1019.6,3.3,37,82791,2.82,690,0,0,0,0,2.79,1,0,0,0,0,
246921,obs_st,1,1711037580,1.11,2.03,3.03,330,3,1019.5,3.3,38,85950,2.92,716,0,0,0,0,2.79,1,0,0,0,0,
246921,obs_st,1,1711037640,0.72,2,3.47,300,3,1019.5,3.3,37,86766,2.95,723,0,0,0,0,2.79,1,0,0,0,0,
246921,obs_st,1,1711037700,0.21,2.19,3.99,271,3,1019.7,3.3,38,90353,3.07,753,0,0,0,0,2.79,1,0,0,0,0,
246921,obs_st,1,1711037760,0.15,1.92,3.63,334,3,1019.6,3.3,37,85371,2.9,711,0,0,0,0,2.79,1,0,0,0,0,
246921,obs_st,1,1711037820,0.11,1.57,3.15,268,3,1019.5,3.3,37,61003,2.07,508,0,0,0,0,2.79,1,0,0,0,0,
246921,obs_st,1,1711037880,0.23,1.81,3.31,303,3,1019.5,3.3,37,39775,1.35,331,0,0,0,0,2.79,1,0,0,0,0,
246921,obs_st,1,1711037940,0.59,1.43,2.47,309,3,1019.5,3.3,38,24446,0.83,203,0,0,0,0,2.79,1,0,0,0,0,
246921,obs_st,1,1711038000,0.09,1.65,3.69,302,3,1019.4,3.4,38,33353,1.13,278,0,0,0,0,2.79,1,0,0,0,0,
246921,obs_st,1,1711038060,0.81,1.65,2.73,325,3,1019.4,3.5,37,35386,1.2,295,0,0,0,0,2.79,1,0,0,0,0,
246921,obs_st,1,1711038120,0.06,1.02,2.73,275,3,1019.5,3.6,37,39386,1.34,328,0,0,0,0,2.79,1,0,0,0,0,
246921,obs_st,1,1711038180,0.23,1.29,1.92,277,3,1019.4,3.7,37,43040,1.46,359,0,0,0,0,2.79,1,0,0,0,0,
246921,obs_st,1,1711038240,0.98,2.26,4.06,263,3,1019.5,3.7,36,36854,1.25,308,0,0,0,0,2.79,1,0,0,0,0,
246921,obs_st,1,1711038300,1,2.58,4.48,254,3,1019.7,3.7,36,39151,1.33,326,0,0,0,0,2.79,1,0,0,0,0,
246921,obs_st,1,1711038360,0.62,1.48,2.63,311,3,1019.6,3.6,37,25362,0.86,211,0,0,0,0,2.79,1,0,0,0,0,
246921,obs_st,1,1711038420,1.05,1.81,3.25,260,3,1019.5,3.6,37,47877,1.63,399,0,0,0,0,2.79,1,0,0,0,0,
246921,obs_st,1,1711038480,0.46,1.95,3.6,279,3,1019.5,3.6,37,53299,1.81,445,0,0,0,0,2.79,1,0,0,0,0,
246921,obs_st,1,1711038540,0.11,1.45,3.22,262,3,1019.6,3.6,37,45200,1.54,376,0,0,0,0,2.79,1,0,0,0,0,
246921,obs_st,1,1711038600,0.15,1.37,3.4,233,3,1019.5,3.6,37,39749,1.35,331,0,0,0,0,2.79,1,0,0,0,0,
246921,obs_st,1,1711038660,0.65,1.5,2.31,261,3,1019.5,3.6,37,47100,1.6,392,0,0,0,0,2.79,1,0,0,0,0,
246921,obs_st,1,1711038720,0.31,2.08,4.03,236,3,1019.5,3.6,37,52212,1.78,435,0,0,0,0,2.79,1,0,0,0,0,
246921,obs_st,1,1711038780,1.08,2.19,3.08,338,3,1019.5,3.7,37,46633,1.58,389,0,0,0,0,2.79,1,0,0,0,0,
246921,obs_st,1,1711038840,0.06,1.48,3.33,346,3,1019.5,3.7,38,53255,1.81,444,0,0,0,0,2.79,1,0,0,0,0,
246921,obs_st,1,1711038900,0.16,1.87,4.23,267,3,1019.5,3.8,37,68993,2.35,575,0,0,0,0,2.79,1,0,0,0,0,
246921,obs_st,1,1711038960,0.25,1.73,3.09,321,3,1019.5,3.8,37,75168,2.56,627,0,0,0,0,2.79,1,0,0,0,0,
246921,obs_st,1,1711039020,1.02,1.93,3,290,3,1019.5,3.8,37,86355,2.94,719,0,0,0,0,2.79,1,0,0,0,0,
246921,obs_st,1,1711039080,0,1.04,2.56,303,3,1019.4,3.9,38,93808,3.19,782,0,0,0,0,2.79,1,0,0,0,0,
246921,obs_st,1,1711039140,0.48,1.41,3.64,343,3,1019.3,3.9,37,98576,3.35,821,0,0,0,0,2.79,1,0,0,0,0,
246921,obs_st,1,1711039200,0.54,2.47,4.22,325,3,1019.3,4,37,100844,3.43,840,0,0,0,0,2.79,1,0,0,0,0,
246921,obs_st,1,1711039260,0.72,2.15,2.94,292,3,1019.3,4.1,36,99631,3.39,830,0,0,0,0,2.79,1,0,0,0,0,
246921,obs_st,1,1711039320,0.61,1.73,2.58,310,3,1019.3,4.2,37,102749,3.49,856,0,0,0,0,2.79,1,0,0,0,0,
246921,obs_st,1,1711039380,1.12,2.19,3.32,350,3,1019.3,4.2,37,102201,3.48,852,0,0,0,0,2.79,1,0,0,0,0,
246921,obs_st,1,1711039440,0.35,2.32,4.17,345,3,1019.5,4.3,36,100179,3.41,835,0,0,0,0,2.79,1,0,0,0,0,
246921,obs_st,1,1711039500,1.47,2.37,3.37,348,3,1019.4,4.3,36,98397,3.35,820,0,0,0,0,2.79,1,0,0,0,0,
246921,obs_st,1,1711039560,0.54,2.25,3.74,345,3,1019.5,4.2,36,100995,3.43,841,0,0,0,0,2.79,1,0,0,0,0,
246921,obs_st,1,1711039620,1.45,3.11,4.52,342,3,1019.5,4.2,36,96949,3.3,808,0,0,0,0,2.79,1,0,0,0,0,
246921,obs_st,1,1711039680,0.17,1.44,2.45,285,3,1019.5,4.1,37,89143,3.03,743,0,0,0,0,2.79,1,0,0,0,0,
246921,obs_st,1,1711039740,0.62,1.4,2.79,330,3,1019.5,4,37,90120,3.07,751,0,0,0,0,2.79,1,0,0,0,0,
246921,obs_st,1,1711039800,0.68,1.5,2.68,332,3,1019.4,4,37,94227,3.2,785,0,0,0,0,2.79,1,0,0,0,0,
246921,obs_st,1,1711039860,0.33,1.25,2.95,300,3,1019.4,4.1,37,97631,3.32,814,0,0,0,0,2.79,1,0,0,0,0,
246921,obs_st,1,1711039920,1.46,2.86,6.05,325,3,1019.4,4,36,93543,3.18,780,0,0,0,0,2.79,1,0,0,0,0,
246921,obs_st,1,1711039980,1.1,2.7,5.01,318,3,1019.5,4,36,93343,3.17,778,0,0,0,0,2.79,1,0,0,0,0,
246921,obs_st,1,1711040040,0.3,1.6,2.69,344,3,1019.4,3.9,37,94894,3.23,791,0,0,0,0,2.79,1,0,0,0,0,
246921,obs_st,1,1711040100,0.21,1.81,3.05,343,3,1019.4,4,37,91591,3.12,764,0,0,0,0,2.79,1,0,0,0,0,
246921,obs_st,1,1711040160,1.9,3.26,4.3,353,3,1019.4,4,36,71342,2.43,595,0,0,0,0,2.79,1,0,0,0,0,
246921,obs_st,1,1711040220,0.18,1.56,3.27,311,3,1019.4,3.9,36,28007,0.95,233,0,0,0,0,2.79,1,0,0,0,0,
246921,obs_st,1,1711040280,0.03,1.66,3.06,340,3,1019.3,4,37,16904,0.57,141,0,0,0,0,2.79,1,0,0,0,0,
246921,obs_st,1,1711040340,1.09,2.06,4.05,342,3,1019.3,4,35,28000,0.95,233,0,0,0,0,2.79,1,0,0,0,0,
246921,obs_st,1,1711040400,0.86,2.09,3.1,1,3,1019.3,4,36,35739,1.21,298,0,0,0,0,2.79,1,0,0,0,0,
246921,obs_st,1,1711040460,1.03,2.39,3.97,350,3,1019.3,4,36,48637,1.65,406,0,0,0,0,2.79,1,0,0,0,0,
246921,obs_st,1,1711040520,0.72,2.39,3.86,346,3,1019.4,4,36,57917,1.97,483,0,0,0,0,2.79,1,0,0,0,0,
246921,obs_st,1,1711040580,0.14,2.16,3.9,345,3,1019.3,4,37,72057,2.45,600,0,0,0,0,2.79,1,0,0,0,0,
246921,obs_st,1,1711040640,1.08,1.55,2.13,344,3,1019.3,4.1,37,83851,2.85,699,0,0,0,0,2.79,1,0,0,0,0,
246921,obs_st,1,1711040700,0.59,2.32,4.12,341,3,1019.2,4.2,37,81508,2.77,680,0,0,0,0,2.79,1,0,0,0,0,
246921,obs_st,1,1711040760,0.35,1.93,3.74,307,3,1019.2,4.2,35,81644,2.78,681,0,0,0,0,2.79,1,0,0,0,0,
246921,obs_st,1,1711040820,0.32,1.65,2.96,323,3,1019.2,4.1,37,80544,2.74,671,0,0,0,0,2.79,1,0,0,0,0,
246921,obs_st,1,1711040880,0.09,2.01,2.98,341,3,1019.3,4.1,37,69933,2.38,582,0,0,0,0,2.79,1,0,0,0,0,
246921,obs_st,1,1711040940,0.32,1.79,3.25,289,3,1019.2,4.2,37,27449,0.93,229,0,0,0,0,2.79,1,0,0,0,0,
246921,obs_st,1,1711041000,0.24,2.06,3.74,254,3,1019.2,4.2,36,22475,0.76,187,0,0,0,0,2.79,1,0,0,0,0,
246921,obs_st,1,1711041060,0.13,1.52,3.07,275,3,1019.3,4.2,37,20909,0.71,174,0,0,0,0,2.79,1,0,0,0,0,
246921,obs_st,1,1711041120,0.48,1.63,3.09,267,3,1019.3,4.2,36,21315,0.72,178,0,0,0,0,2.79,1,0,0,0,0,
246921,obs_st,1,1711041180,0.21,1.68,4.54,245,3,1019.4,4.3,36,21669,0.74,180,0,0,0,0,2.79,1,0,0,0,0,
246921,obs_st,1,1711041240,0.78,2.11,3.79,325,3,1019.4,4.3,36,16735,0.57,140,0,0,0,0,2.78,1,0,0,0,0,
246921,obs_st,1,1711041300,0.25,1.97,3.32,353,3,1019.3,4.4,36,13521,0.46,112,0,0,0,0,2.78,1,0,0,0,0,
246921,obs_st,1,1711041360,1.37,2.26,3.03,350,3,1019.3,4.4,36,12539,0.42,104,0,0,0,0,2.78,1,0,0,0,0,
246921,obs_st,1,1711041420,1.56,2.47,3.88,0,3,1019.3,4.4,36,8938,0.3,74,0,0,0,0,2.78,1,0,0,0,0,
246921,obs_st,1,1711041480,0.69,1.98,3.91,355,3,1019.3,4.3,36,9185,0.31,77,0,0,0,0,2.77,1,0,0,0,0,
246921,obs_st,1,1711041540,0.17,1.31,2.82,258,3,1019.4,4.3,36,8625,0.29,72,0,0,0,0,2.78,1,0,0,0,0,
246921,obs_st,1,1711041600,0.92,2.75,5.37,242,3,1019.3,4.3,36,13633,0.46,114,0,0,0,0,2.78,1,0,0,0,0,
246921,obs_st,1,1711041660,0.73,1.97,2.97,280,3,1019.3,4.3,36,11598,0.39,96,0,0,0,0,2.77,1,0,0,0,0,
246921,obs_st,1,1711041720,0.05,1.27,3.46,329,3,1019.2,4.4,36,11633,0.39,97,0,0,0,0,2.77,1,0,0,0,0,
246921,obs_st,1,1711041780,0.12,1.12,2.82,319,3,1019.2,4.5,36,14058,0.48,118,0,0,0,0,2.77,1,0,0,0,0,
246921,obs_st,1,1711041840,0.21,2.12,3.53,306,3,1019.2,4.7,35,12589,0.43,105,0,0,0,0,2.77,1,0,0,0,0,
246921,obs_st,1,1711041900,0.24,2.05,3.94,327,3,1019.2,4.8,34,9716,0.33,81,0,0,0,0,2.77,1,0,0,0,0,
246921,obs_st,1,1711041960,0.5,1.25,1.93,280,3,1019.1,4.8,35,9283,0.31,78,0,0,0,0,2.78,1,0,0,0,0,
246921,obs_st,1,1711042020,0.23,1.65,2.65,344,3,1019.1,4.9,35,10868,0.37,90,0,0,0,0,2.79,1,0,0,0,0,
246921,obs_st,1,1711042080,0.97,2.33,3.68,353,3,1019,4.9,35,9781,0.33,81,0,0,0,0,2.79,1,0,0,0,0,
246921,obs_st,1,1711042140,1.4,2.77,4.17,343,3,1019.1,4.9,34,8409,0.29,70,0,0,0,0,2.79,1,0,0,0,0,
246921,obs_st,1,1711042200,1.1,3.23,4.7,352,3,1019.2,4.9,34,8709,0.29,72,0,0,0,0,2.79,1,0,0,0,0,
246921,obs_st,1,1711042260,1.31,3.24,4.81,350,3,1019.2,4.9,35,8598,0.29,72,0,0,0,0,2.78,1,0,0,0,0,
246921,obs_st,1,1711042320,0.17,2.15,3.5,1,3,1019.1,4.8,35,10753,0.36,89,0,0,0,0,2.78,1,0,0,0,0,
246921,obs_st,1,1711042440,0.31,1.81,3.23,337,3,1019.2,4.8,35,8173,0.28,68,0,0,0,0,2.78,1,0,0,0,0,
246921,obs_st,1,1711042500,1.39,3.06,4.43,340,3,1019.1,4.8,35,10295,0.35,86,0,0,0,0,2.77,1,0,0,0,0,
246921,obs_st,1,1711042560,1.93,3.1,4.79,0,3,1019.1,4.8,34,11865,0.4,99,0,0,0,0,2.77,1,0,0,0,0,
246921,obs_st,1,1711042620,1.14,3.09,5.13,339,3,1019.1,4.8,35,11546,0.39,96,0,0,0,0,2.77,1,0,0,0,0,
246921,obs_st,1,1711042680,1.5,2.77,3.84,312,3,1019.1,4.8,35,9846,0.33,82,0,0,0,0,2.77,1,0,0,0,0,
246921,obs_st,1,1711042740,0.11,1.64,2.94,287,3,1019,4.8,35,9312,0.31,78,0,0,0,0,2.77,1,0,0,0,0,
246921,obs_st,1,1711042800,1.07,1.85,3,289,3,1019.1,4.9,35,10543,0.36,87,0,0,0,0,2.77,1,0,0,0,0,
246921,obs_st,1,1711042860,0.24,1.81,2.85,272,3,1019.2,5,34,12264,0.41,103,0,0,0,0,2.76,1,0,0,0,0,
246921,obs_st,1,1711042920,0.75,1.66,3.65,289,3,1019.1,5,34,19709,0.67,164,0,0,0,0,2.77,1,0,0,0,0,
246921,obs_st,1,1711043040,0.09,2.37,4.49,343,3,1019.1,5,35,16371,0.56,136,0,0,0,0,2.78,1,0,0,0,0,
246921,obs_st,1,1711043100,0.54,1.51,2.62,236,3,1019,5,35,16676,0.57,139,0,0,0,0,2.78,1,0,0,0,0,
246921,obs_st,1,1711043160,0.64,1.82,3.19,315,3,1019,5,35,16074,0.55,134,0,0,0,0,2.78,1,0,0,0,0,
246921,obs_st,1,1711043220,0.08,0.97,2.67,229,3,1019,5,35,21708,0.74,181,0,0,0,0,2.78,1,0,0,0,0,
246921,obs_st,1,1711043280,0.14,1.88,3.44,349,3,1018.9,5.1,35,29203,0.99,243,0,0,0,0,2.79,1,0,0,0,0,
246921,obs_st,1,1711043340,0.29,1.94,4.43,343,3,1018.9,5.1,35,66536,2.26,554,0,0,0,0,2.79,1,0,0,0,0,
246921,obs_st,1,1711043460,0.41,1.3,2.33,301,3,1018.9,5.1,35,81435,2.77,679,0,0,0,0,2.79,1,0,0,0,0,
246921,obs_st,1,1711043520,0.24,1.65,2.96,353,3,1018.8,5.1,35,79812,2.71,666,0,0,0,0,2.79,1,0,0,0,0,
246921,obs_st,1,1711043580,0.41,1.9,3.75,341,3,1018.9,5.2,35,49433,1.68,412,0,0,0,0,2.79,1,0,0,0,0,
246921,obs_st,1,1711043640,0,0.98,2.67,328,3,1018.9,5.1,35,50061,1.7,417,0,0,0,0,2.79,1,0,0,0,0,
246921,obs_st,1,1711043700,0.03,1.09,2.99,312,3,1018.8,5.2,36,69933,2.38,582,0,0,0,0,2.79,1,0,0,0,0,
246921,obs_st,1,1711043760,1.1,2.12,3.44,286,3,1018.9,5.2,35,71126,2.42,593,0,0,0,0,2.79,1,0,0,0,0,
246921,obs_st,1,1711043820,1.03,2.44,3.67,207,3,1018.8,5.3,33,65008,2.21,542,0,0,0,0,2.79,1,0,0,0,0,
246921,obs_st,1,1711043880,1.16,2.35,3.46,227,3,1019,5.3,34,75454,2.57,628,0,0,0,0,2.79,1,0,0,0,0,
246921,obs_st,1,1711043940,0.46,1.22,2.15,325,3,1018.9,5.3,34,85190,2.9,710,0,0,0,0,2.79,1,0,0,0,0,
246921,obs_st,1,1711044000,0.93,2.07,3.62,316,3,1018.9,5.3,34,83823,2.85,698,0,0,0,0,2.79,1,0,0,0,0,
246921,obs_st,1,1711044060,0.06,1.49,2.77,345,3,1018.8,5.3,34,73735,2.51,614,0,0,0,0,2.79,1,0,0,0,0,
246921,obs_st,1,1711044120,0.1,1.33,2.38,330,3,1018.8,5.3,35,66047,2.25,551,0,0,0,0,2.79,1,0,0,0,0,
246921,obs_st,1,1711044180,0.23,1.86,4.07,225,3,1018.7,5.4,34,54797,1.86,457,0,0,0,0,2.79,1,0,0,0,0,
246921,obs_st,1,1711044240,0.24,1.64,3.02,258,3,1018.8,5.4,35,51990,1.77,433,0,0,0,0,2.79,1,0,0,0,0,
246921,obs_st,1,1711044300,0.61,2.49,4.01,351,3,1018.8,5.5,35,69075,2.35,575,0,0,0,0,2.79,1,0,0,0,0,
246921,obs_st,1,1711044360,0.02,1.45,3.34,334,3,1018.8,5.4,35,65871,2.24,549,0,0,0,0,2.79,1,0,0,0,0,
246921,obs_st,1,1711044420,0.75,1.88,3.32,317,3,1018.7,5.5,35,88865,3.02,741,0,0,0,0,2.79,1,0,0,0,0,
246921,obs_st,1,1711044480,1.16,2.55,4.48,337,3,1018.7,5.5,34,96387,3.28,803,0,0,0,0,2.79,1,0,0,0,0,
246921,obs_st,1,1711044540,0.08,1.91,3.85,340,3,1018.8,5.5,34,97090,3.3,809,0,0,0,0,2.79,1,0,0,0,0,
246921,obs_st,1,1711044600,0.27,1.47,2.58,345,3,1018.7,5.5,35,94705,3.22,789,0,0,0,0,2.79,1,0,0,0,0,
246921,obs_st,1,1711044660,0.46,1.32,1.98,320,3,1018.7,5.5,35,86361,2.94,719,0,0,0,0,2.79,1,0,0,0,0,
246921,obs_st,1,1711044720,0.97,1.82,3.42,321,3,1018.6,5.5,35,90835,3.09,757,0,0,0,0,2.79,1,0,0,0,0,
246921,obs_st,1,1711044780,0.54,1.73,2.83,305,3,1018.6,5.5,34,94331,3.21,786,0,0,0,0,2.79,1,0,0,0,0,
246921,obs_st,1,1711044840,0.16,0.99,1.84,247,3,1018.6,5.5,34,92850,3.16,773,0,0,0,0,2.79,1,0,0,0,0,
246921,obs_st,1,1711044900,0.59,2.5,4.65,334,3,1018.6,5.5,34,93796,3.19,781,0,0,0,0,2.79,1,0,0,0,0,
246921,obs_st,1,1711044960,1.07,2.09,4.73,233,3,1018.6,5.5,35,87204,2.97,726,0,0,0,0,2.79,1,0,0,0,0,
246921,obs_st,1,1711045020,0.81,1.61,3.2,320,3,1018.7,5.6,35,90436,3.08,754,0,0,0,0,2.79,1,0,0,0,0,
246921,obs_st,1,1711045080,0.3,1.52,3.46,243,3,1018.7,5.7,34,86772,2.95,723,0,0,0,0,2.79,1,0,0,0,0,
246921,obs_st,1,1711045140,0.56,1.83,3.36,277,3,1018.6,5.7,33,82464,2.8,688,0,0,0,0,2.79,1,0,0,0,0,
246921,obs_st,1,1711045200,0.82,2.12,3.47,269,3,1018.6,5.7,34,86572,2.94,721,0,0,0,0,2.79,1,0,0,0,0,
246921,obs_st,1,1711045260,0.04,1.37,2.8,297,3,1018.8,5.7,34,89541,3.05,746,0,0,0,0,2.79,1,0,0,0,0,
246921,obs_st,1,1711045320,0.94,2.56,3.61,313,3,1018.7,5.7,34,93282,3.17,778,0,0,0,0,2.79,1,0,0,0,0,
246921,obs_st,1,1711045380,1.29,2.95,4.58,256,3,1018.7,5.7,34,94485,3.21,787,0,0,0,0,2.79,1,0,0,0,0,
246921,obs_st,1,1711045440,0.84,2.32,3.85,296,3,1018.7,5.5,34,93551,3.18,780,0,0,0,0,2.79,1,0,0,0,0,
246921,obs_st,1,1711045560,0.37,1.61,2.55,235,3,1018.6,5.6,35,93568,3.18,780,0,0,0,0,2.79,1,0,0,0,0,
246921,obs_st,1,1711045620,0.13,2.19,4.64,244,3,1018.6,5.6,34,93351,3.17,778,0,0,0,0,2.79,1,0,0,0,0,
246921,obs_st,1,1711045680,0.63,2.24,3.24,352,3,1018.5,5.7,34,93166,3.17,776,0,0,0,0,2.79,1,0,0,0,0,
246921,obs_st,1,1711045740,0.61,2.74,4.55,352,3,1018.7,5.7,34,93069,3.16,776,0,0,0,0,2.79,1,0,0,0,0,
246921,obs_st,1,1711045800,0.31,1.59,3.34,327,3,1018.6,5.7,34,92690,3.15,772,0,0,0,0,2.79,1,0,0,0,0,
246921,obs_st,1,1711045860,1.34,2.19,3.31,300,3,1018.7,5.8,34,92428,3.14,771,0,0,0,0,2.79,1,0,0,0,0,
246921,obs_st,1,1711045920,0.22,1.55,3.27,338,3,1018.7,5.8,34,92109,3.13,767,0,0,0,0,2.79,1,0,0,0,0,
246921,obs_st,1,1711045980,1.05,1.93,3.08,346,3,1018.6,5.8,34,91848,3.13,765,0,0,0,0,2.79,1,0,0,0,0,
246921,obs_st,1,1711046040,0.98,2.44,3.78,349,3,1018.6,5.8,34,91859,3.13,765,0,0,0,0,2.79,1,0,0,0,0,
246921,obs_st,1,1711046100,0.26,1.82,4.21,317,3,1018.8,5.8,33,89512,3.05,746,0,0,0,0,2.79,1,0,0,0,0,
246921,obs_st,1,1711046160,0.82,2.15,3.72,277,3,1018.7,5.8,34,90605,3.08,755,0,0,0,0,2.79,1,0,0,0,0,
246921,obs_st,1,1711046220,0.19,1.75,2.61,241,3,1018.7,5.8,34,91025,3.1,758,0,0,0,0,2.79,1,0,0,0,0,
246921,obs_st,1,1711046280,0.47,1.89,3.45,263,3,1018.7,5.8,34,90962,3.09,758,0,0,0,0,2.79,1,0,0,0,0,
246921,obs_st,1,1711046340,0.51,1.67,3.18,343,3,1018.6,5.8,34,90515,3.08,754,0,0,0,0,2.79,1,0,0,0,0,
246921,obs_st,1,1711046400,0.27,1.23,2.11,262,3,1018.6,5.8,35,90209,3.07,752,0,0,0,0,2.79,1,0,0,0,0,
246921,obs_st,1,1711046460,0.07,1.79,3.38,346,3,1018.5,5.9,33,89949,3.06,749,0,0,0,0,2.79,1,0,0,0,0,
246921,obs_st,1,1711046520,1.13,2.23,3.27,0,3,1018.6,5.9,33,89796,3.05,749,0,0,0,0,2.79,1,0,0,0,0,
246921,obs_st,1,1711046580,0.72,2.24,3.77,358,3,1018.6,6,34,89639,3.05,747,0,0,0,0,2.79,1,0,0,0,0,
246921,obs_st,1,1711046640,0.84,2.05,3.8,338,3,1018.5,6,33,89449,3.04,745,0,0,0,0,2.79,1,0,0,0,0,
246921,obs_st,1,1711046700,0.76,2.21,3.38,344,3,1018.6,6,33,89111,3.03,742,0,0,0,0,2.79,1,0,0,0,0,
246921,obs_st,1,1711046760,1.25,3.06,4.31,357,3,1018.6,5.9,32,88773,3.02,740,0,0,0,0,2.79,1,0,0,0,0,
246921,obs_st,1,1711046820,0.4,1.56,3.18,300,3,1018.6,5.9,33,88415,3.01,737,0,0,0,0,2.79,1,0,0,0,0,
246921,obs_st,1,1711046880,0.29,2.24,5.81,274,3,1018.6,5.9,33,88138,3,734,0,0,0,0,2.79,1,0,0,0,0,
246921,obs_st,1,1711046940,0.44,2.41,4.83,312,3,1018.6,5.9,33,88022,2.99,734,0,0,0,0,2.79,1,0,0,0,0,
246921,obs_st,1,1711047060,0.34,2.2,3.98,342,3,1018.6,5.9,33,87927,2.99,733,0,0,0,0,2.79,1,0,0,0,0,
246921,obs_st,1,1711047120,0.55,2.27,3.51,345,3,1018.5,5.9,33,87575,2.98,730,0,0,0,0,2.79,1,0,0,0,0,
246921,obs_st,1,1711047180,1.69,2.94,5.07,347,3,1018.6,5.9,32,87379,2.97,728,0,0,0,0,2.79,1,0,0,0,0,
246921,obs_st,1,1711047240,1.51,2.16,3.14,346,3,1018.6,5.8,33,87062,2.96,726,0,0,0,0,2.79,1,0,0,0,0,
246921,obs_st,1,1711047300,0.26,1.42,2.26,339,3,1018.5,5.8,34,86662,2.95,722,0,0,0,0,2.79,1,0,0,0,0,
246921,obs_st,1,1711047360,0.82,1.8,2.64,314,3,1018.5,5.9,33,86206,2.93,719,0,0,0,0,2.79,1,0,0,0,0,
246921,obs_st,1,1711047420,0.74,1.92,3.28,312,3,1018.6,5.9,33,85827,2.92,715,0,0,0,0,2.79,1,0,0,0,0,
246921,obs_st,1,1711047480,0.26,1.86,3.05,323,3,1018.5,6,34,85509,2.91,712,0,0,0,0,2.79,1,0,0,0,0,
246921,obs_st,1,1711047540,0.58,1.79,2.83,336,3,1018.5,6,33,85290,2.9,711,0,0,0,0,2.79,1,0,0,0,0,
246921,obs_st,1,1711047600,0.26,2.01,4.29,332,3,1018.5,6,34,84931,2.89,708,0,0,0,0,2.79,1,0,0,0,0,
246921,obs_st,1,1711047660,0.64,2.05,3.76,336,3,1018.5,6.1,34,84771,2.88,706,0,0,0,0,2.79,1,0,0,0,0,
246921,obs_st,1,1711047720,0.15,1.76,3.19,270,3,1018.5,6.1,33,84499,2.87,704,0,0,0,0,2.79,1,0,0,0,0,
246921,obs_st,1,1711047780,0.29,1.58,2.62,349,3,1018.5,6.1,34,83807,2.85,698,0,0,0,0,2.79,1,0,0,0,0,
246921,obs_st,1,1711047900,0.15,0.94,1.59,250,3,1018.3,6.1,34,83583,2.84,696,0,0,0,0,2.79,1,0,0,0,0,
246921,obs_st,1,1711047960,0.14,2.23,3.7,336,3,1018.4,6.2,34,81447,2.77,679,0,0,0,0,2.79,1,0,0,0,0,
246921,obs_st,1,1711048020,0.41,1.18,2.13,270,3,1018.4,6.3,33,77146,2.62,643,0,0,0,0,2.79,1,0,0,0,0,
246921,obs_st,1,1711048080,0.01,0.93,2.39,301,3,1018.3,6.3,33,78529,2.67,654,0,0,0,0,2.79,1,0,0,0,0,
246921,obs_st,1,1711048140,0.58,1.77,3.54,233,3,1018.3,6.4,32,81389,2.77,678,0,0,0,0,2.79,1,0,0,0,0,
246921,obs_st,1,1711048200,0,1.03,2.7,289,3,1018.3,6.4,32,81660,2.78,681,0,0,0,0,2.79,1,0,0,0,0,
246921,obs_st,1,1711048260,1,1.95,3.07,335,3,1018.4,6.4,33,81388,2.77,678,0,0,0,0,2.79,1,0,0,0,0,
246921,obs_st,1,1711048320,0.91,1.86,3.52,341,3,1018.4,6.4,34,80969,2.75,674,0,0,0,0,2.79,1,0,0,0,0,
246921,obs_st,1,1711048380,0.76,1.91,2.74,345,3,1018.3,6.5,32,79315,2.7,661,0,0,0,0,2.79,1,0,0,0,0,
246921,obs_st,1,1711048440,0.75,1.82,3.06,332,3,1018.3,6.5,33,78182,2.66,651,0,0,0,0,2.79,1,0,0,0,0,
246921,obs_st,1,1711048500,0.63,2.01,3.07,336,3,1018.3,6.5,33,78849,2.68,657,0,0,0,0,2.79,1,0,0,0,0,
246921,obs_st,1,1711048560,0.52,2.07,3.26,346,3,1018.4,6.4,32,73697,2.51,614,0,0,0,0,2.79,1,0,0,0,0,
246921,obs_st,1,1711048620,0.98,2.08,3.25,347,3,1018.4,6.4,33,70603,2.4,589,0,0,0,0,2.79,1,0,0,0,0,
246921,obs_st,1,1711048680,0.4,1.87,2.83,334,3,1018.4,6.3,33,73015,2.48,608,0,0,0,0,2.79,1,0,0,0,0,
246921,obs_st,1,1711048740,0.98,1.58,2.5,295,3,1018.4,6.3,33,76977,2.62,642,0,0,0,0,2.79,1,0,0,0,0,
246921,obs_st,1,1711048800,0.63,1.77,2.81,346,3,1018.3,6.3,33,77921,2.65,650,0,0,0,0,2.79,1,0,0,0,0,
246921,obs_st,1,1711048860,0.25,1.96,3.97,350,3,1018.4,6.3,33,77720,2.64,648,0,0,0,0,2.79,1,0,0,0,0,
246921,obs_st,1,1711048920,0.02,1.28,3.5,344,3,1018.4,6.3,33,77132,2.62,643,0,0,0,0,2.79,1,0,0,0,0,
246921,obs_st,1,1711048980,0.32,1.53,3.84,349,3,1018.3,6.3,33,76837,2.61,640,0,0,0,0,2.79,1,0,0,0,0,
246921,obs_st,1,1711049040,1.13,2.23,3.43,349,3,1018.4,6.4,33,76748,2.61,640,0,0,0,0,2.79,1,0,0,0,0,
246921,obs_st,1,1711049100,0.44,1.97,3.13,336,3,1018.5,6.4,33,74725,2.54,623,0,0,0,0,2.79,1,0,0,0,0,
246921,obs_st,1,1711049160,1.8,3.13,4.1,347,3,1018.4,6.3,33,76503,2.6,637,0,0,0,0,2.79,1,0,0,0,0,
246921,obs_st,1,1711049220,0.38,1.61,3.45,293,3,1018.4,6.3,33,73155,2.49,610,0,0,0,0,2.79,1,0,0,0,0,
246921,obs_st,1,1711049280,0.49,1.37,2.9,321,3,1018.4,6.3,34,72376,2.46,603,0,0,0,0,2.79,1,0,0,0,0,
246921,obs_st,1,1711049340,0.53,1.63,2.63,351,3,1018.5,6.4,34,74948,2.55,625,0,0,0,0,2.79,1,0,0,0,0,
246921,obs_st,1,1711049400,0.5,1.89,3.49,263,3,1018.3,6.5,33,75501,2.57,629,0,0,0,0,2.79,1,0,0,0,0,
246921,obs_st,1,1711049460,0.17,2.05,3.06,342,3,1018.5,6.6,32,74931,2.55,625,0,0,0,0,2.79,1,0,0,0,0,
246921,obs_st,1,1711049520,0.04,1.14,2.33,322,3,1018.4,6.6,32,72978,2.48,608,0,0,0,0,2.79,1,0,0,0,0,
246921,obs_st,1,1711049580,0.01,1.15,3.23,345,3,1018.4,6.7,32,70950,2.41,591,0,0,0,0,2.79,1,0,0,0,0,
246921,obs_st,1,1711049640,0.15,1.33,2.67,324,3,1018.4,6.7,33,70870,2.41,590,0,0,0,0,2.79,1,0,0,0,0,
246921,obs_st,1,1711049700,0.29,1.64,3.19,287,3,1018.5,6.7,33,72826,2.48,607,0,0,0,0,2.79,1,0,0,0,0,
246921,obs_st,1,1711049760,0.9,1.83,3.58,354,3,1018.4,6.7,33,72590,2.47,605,0,0,0,0,2.79,1,0,0,0,0,
246921,obs_st,1,1711049820,0.59,1.91,3.6,0,3,1018.4,6.7,33,72564,2.47,605,0,0,0,0,2.79,1,0,0,0,0,
246921,obs_st,1,1711049880,1.62,2.56,3.97,345,3,1018.5,6.6,33,68359,2.32,570,0,0,0,0,2.79,1,0,0,0,0,
246921,obs_st,1,1711049940,1.71,2.75,3.62,352,3,1018.5,6.6,33,53108,1.81,443,0,0,0,0,2.79,1,0,0,0,0,
246921,obs_st,1,1711050000,0.63,2.73,3.99,359,3,1018.5,6.5,34,49103,1.67,409,0,0,0,0,2.79,1,0,0,0,0,
246921,obs_st,1,1711050060,0.01,1.35,2.52,343,3,1018.5,6.5,34,54209,1.84,452,0,0,0,0,2.79,1,0,0,0,0,
246921,obs_st,1,1711050120,0.02,1.17,2.33,326,3,1018.4,6.5,34,58447,1.99,487,0,0,0,0,2.79,1,0,0,0,0,
246921,obs_st,1,1711050180,0,0.92,1.92,337,3,1018.4,6.6,34,47030,1.6,392,0,0,0,0,2.79,1,0,0,0,0,
246921,obs_st,1,1711050240,0.08,1.16,2.27,347,3,1018.4,6.6,34,46039,1.56,384,0,0,0,0,2.79,1,0,0,0,0,
246921,obs_st,1,1711050300,0.3,1.36,2.33,322,3,1018.4,6.7,34,46785,1.59,390,0,0,0,0,2.79,1,0,0,0,0,
246921,obs_st,1,1711050360,1.14,2.63,3.93,293,3,1018.5,6.7,33,52943,1.8,441,0,0,0,0,2.79,1,0,0,0,0,
246921,obs_st,1,1711050420,0.61,2.15,3.46,353,3,1018.5,6.7,33,59565,2.02,497,0,0,0,0,2.79,1,0,0,0,0,
246921,obs_st,1,1711050480,0.5,1.89,3.67,339,3,1018.5,6.6,33,60655,2.06,506,0,0,0,0,2.79,1,0,0,0,0,
246921,obs_st,1,1711050540,0.12,1.41,2.92,324,3,1018.5,6.5,33,56211,1.91,468,0,0,0,0,2.79,1,0,0,0,0,
246921,obs_st,1,1711050600,0.17,1.91,3.05,340,3,1018.6,6.5,34,50818,1.73,423,0,0,0,0,2.79,1,0,0,0,0,
246921,obs_st,1,1711050660,0.09,1.1,2.02,343,3,1018.5,6.5,33,44270,1.5,369,0,0,0,0,2.79,1,0,0,0,0,
246921,obs_st,1,1711050720,0.4,1.85,3.94,301,3,1018.5,6.5,34,48032,1.63,400,0,0,0,0,2.79,1,0,0,0,0,
246921,obs_st,1,1711050780,0.44,1.57,3.17,265,3,1018.5,6.4,34,52747,1.79,439,0,0,0,0,2.79,1,0,0,0,0,
246921,obs_st,1,1711050840,0.56,1.54,2.97,318,3,1018.5,6.4,34,56786,1.93,473,0,0,0,0,2.79,1,0,0,0,0,
246921,obs_st,1,1711050900,0.01,0.83,1.78,253,3,1018.4,6.4,34,44847,1.52,374,0,0,0,0,2.79,1,0,0,0,0,
246921,obs_st,1,1711050960,0.4,1.43,2.11,344,3,1018.4,6.4,34,36963,1.26,308,0,0,0,0,2.79,1,0,0,0,0,
246921,obs_st,1,1711051020,0.65,1.45,1.94,283,3,1018.3,6.4,34,38839,1.32,323,0,0,0,0,2.79,1,0,0,0,0,
246921,obs_st,1,1711051080,0.88,1.36,2.1,321,3,1018.3,6.5,34,44115,1.5,368,0,0,0,0,2.79,1,0,0,0,0,
246921,obs_st,1,1711051140,0.04,1.4,2.44,303,3,1018.2,6.5,35,35156,1.19,293,0,0,0,0,2.79,1,0,0,0,0,
246921,obs_st,1,1711051200,0.68,2.21,3.45,287,3,1018.3,6.6,33,46940,1.59,392,0,0,0,0,2.79,1,0,0,0,0,
246921,obs_st,1,1711051260,1.32,2.49,3.67,308,3,1018.4,6.6,33,46160,1.57,384,0,0,0,0,2.79,1,0,0,0,0,
246921,obs_st,1,1711051320,0.29,1.57,4.4,249,3,1018.4,6.6,33,41963,1.43,350,0,0,0,0,2.79,1,0,0,0,0,
246921,obs_st,1,1711051380,0.94,1.43,1.96,290,3,1018.4,6.6,33,40201,1.37,335,0,0,0,0,2.79,1,0,0,0,0,
246921,obs_st,1,1711051440,0.25,1.76,2.82,346,3,1018.5,6.6,33,42242,1.43,352,0,0,0,0,2.79,1,0,0,0,0,
246921,obs_st,1,1711051500,0.27,1.22,1.76,344,3,1018.4,6.7,33,41824,1.42,348,0,0,0,0,2.79,1,0,0,0,0,
246921,obs_st,1,1711051560,0.37,1.11,2.12,280,3,1018.4,6.7,33,43780,1.49,365,0,0,0,0,2.79,1,0,0,0,0,
246921,obs_st,1,1711051620,0.11,1.24,3.62,328,3,1018.2,6.8,32,42288,1.44,353,0,0,0,0,2.79,1,0,0,0,0,
246921,obs_st,1,1711051680,0.12,1.89,3.6,257,3,1018.3,6.8,31,33846,1.15,282,0,0,0,0,2.79,1,0,0,0,0,
246921,obs_st,1,1711051740,1.47,2.2,3.23,325,3,1018.3,6.7,32,37508,1.28,313,0,0,0,0,2.79,1,0,0,0,0,
246921,obs_st,1,1711051800,1.36,2.04,2.96,347,3,1018.4,6.7,32,51250,1.74,427,0,0,0,0,2.79,1,0,0,0,0,
246921,obs_st,1,1711051860,0.7,2,3.24,322,3,1018.3,6.7,32,55244,1.88,460,0,0,0,0,2.79,1,0,0,0,0,
246921,obs_st,1,1711051920,0.09,1.31,2.41,321,3,1018.5,6.6,32,54420,1.85,453,0,0,0,0,2.79,1,0,0,0,0,
246921,obs_st,1,1711051980,0.95,2.03,3.22,340,3,1018.4,6.6,32,57869,1.97,483,0,0,0,0,2.79,1,0,0,0,0,
246921,obs_st,1,1711052040,0.68,1.55,2.39,333,3,1018.4,6.6,31,58022,1.97,483,0,0,0,0,2.79,1,0,0,0,0,
246921,obs_st,1,1711052100,0.01,1.54,3.53,340,3,1018.4,6.6,32,57826,1.97,482,0,0,0,0,2.79,1,0,0,0,0,
246921,obs_st,1,1711052160,0.82,1.88,3.27,258,3,1018.4,6.6,31,58463,1.99,487,0,0,0,0,2.79,1,0,0,0,0,
246921,obs_st,1,1711052220,0.57,1.13,1.99,332,3,1018.4,6.6,32,57862,1.97,483,0,0,0,0,2.79,1,0,0,0,0,
246921,obs_st,1,1711052280,0.06,0.8,2.17,259,3,1018.4,6.6,32,57190,1.95,476,0,0,0,0,2.79,1,0,0,0,0,
246921,obs_st,1,1711052340,0.06,1.66,3.67,333,3,1018.4,6.6,32,55687,1.89,464,0,0,0,0,2.79,1,0,0,0,0,
246921,obs_st,1,1711052400,0.67,1.42,2.86,271,3,1018.4,6.7,32,55389,1.88,461,0,0,0,0,2.79,1,0,0,0,0,
246921,obs_st,1,1711052460,0.59,2.03,3.55,280,3,1018.5,6.7,31,55900,1.9,466,0,0,0,0,2.79,1,0,0,0,0,
246921,obs_st,1,1711052520,0.09,1.23,2.78,347,3,1018.4,6.7,31,55787,1.9,465,0,0,0,0,2.79,1,0,0,0,0,
246921,obs_st,1,1711052580,0.78,1.34,1.79,301,3,1018.4,6.7,31,55501,1.89,462,0,0,0,0,2.79,1,0,0,0,0,
246921,obs_st,1,1711052640,0.13,1.46,2.53,334,3,1018.4,6.7,32,55535,1.89,463,0,0,0,0,2.79,1,0,0,0,0,
246921,obs_st,1,1711052700,0.43,2.1,3.93,354,3,1018.4,6.8,32,55127,1.87,460,0,0,0,0,2.79,1,0,0,0,0,
246921,obs_st,1,1711052760,0.31,1.57,3.61,336,3,1018.4,6.7,31,54186,1.84,452,0,0,0,0,2.79,1,0,0,0,0,
246921,obs_st,1,1711052820,0.31,1.51,3.13,338,3,1018.4,6.7,32,53503,1.82,445,0,0,0,0,2.79,1,0,0,0,0,
246921,obs_st,1,1711052880,0.63,1.58,3.05,338,3,1018.4,6.7,32,52449,1.78,437,0,0,0,0,2.79,1,0,0,0,0,
246921,obs_st,1,1711052940,0.52,1.58,2.69,327,3,1018.4,6.7,32,52555,1.79,438,0,0,0,0,2.79,1,0,0,0,0,
246921,obs_st,1,1711053000,0.17,1.57,2.62,322,3,1018.5,6.8,32,52222,1.78,435,0,0,0,0,2.79,1,0,0,0,0,
246921,obs_st,1,1711053060,0.62,2.08,3.52,324,3,1018.5,6.8,31,50615,1.72,422,0,0,0,0,2.79,1,0,0,0,0,
246921,obs_st,1,1711053120,0.33,1.78,3.35,345,3,1018.5,6.7,31,44728,1.52,373,0,0,0,0,2.79,1,0,0,0,0,
246921,obs_st,1,1711053180,0.15,1.78,3.67,346,3,1018.5,6.7,31,48339,1.64,403,0,0,0,0,2.79,1,0,0,0,0,
246921,obs_st,1,1711053240,0.39,1.72,3.26,346,3,1018.5,6.7,32,50791,1.73,423,0,0,0,0,2.79,1,0,0,0,0,
246921,obs_st,1,1711053300,1.09,2.17,3.72,343,3,1018.5,6.6,31,50048,1.7,417,0,0,0,0,2.79,1,0,0,0,0,
246921,obs_st,1,1711053360,0.33,1.24,2.57,275,3,1018.5,6.6,32,47720,1.62,398,0,0,0,0,2.79,1,0,0,0,0,
246921,obs_st,1,1711053420,0.65,1.68,2.93,322,3,1018.6,6.7,32,42306,1.44,353,0,0,0,0,2.79,1,0,0,0,0,
246921,obs_st,1,1711053480,1.58,2.62,3.79,343,3,1018.5,6.6,32,40992,1.39,342,0,0,0,0,2.79,1,0,0,0,0,
246921,obs_st,1,1711053540,0.15,1,2.24,334,3,1018.6,6.6,32,41207,1.4,344,0,0,0,0,2.79,1,0,0,0,0,
246921,obs_st,1,1711053600,0.03,1.23,2.9,330,3,1018.6,6.6,32,39664,1.35,331,0,0,0,0,2.79,1,0,0,0,0,
246921,obs_st,1,1711053660,0.01,1.65,3.3,327,3,1018.6,6.6,31,38841,1.32,323,0,0,0,0,2.79,1,0,0,0,0,
246921,obs_st,1,1711053720,0.59,2.27,3.71,341,3,1018.6,6.6,32,37965,1.29,316,0,0,0,0,2.79,1,0,0,0,0,
246921,obs_st,1,1711053780,1.47,2.2,3.49,341,3,1018.5,6.6,32,43151,1.47,360,0,0,0,0,2.79,1,0,0,0,0,
246921,obs_st,1,1711053840,1.39,2.36,3.24,352,3,1018.5,6.5,32,37795,1.29,315,0,0,0,0,2.79,1,0,0,0,0,
246921,obs_st,1,1711053900,1.79,3.38,5.69,349,3,1018.6,6.5,32,38282,1.3,319,0,0,0,0,2.79,1,0,0,0,0,
246921,obs_st,1,1711053960,2.13,3.24,4.18,2,3,1018.6,6.4,32,43776,1.49,365,0,0,0,0,2.79,1,0,0,0,0,
246921,obs_st,1,1711054020,0.57,2.58,3.87,347,3,1018.7,6.3,32,45325,1.54,377,0,0,0,0,2.79,1,0,0,0,0,
246921,obs_st,1,1711054080,0.74,1.85,3.56,338,3,1018.6,6.3,32,45082,1.53,376,0,0,0,0,2.79,1,0,0,0,0,
246921,obs_st,1,1711054140,0.29,1.4,2.86,315,3,1018.6,6.3,32,44164,1.5,368,0,0,0,0,2.79,1,0,0,0,0,
246921,obs_st,1,1711054200,0.86,1.9,2.89,320,3,1018.7,6.3,32,39357,1.34,328,0,0,0,0,2.79,1,0,0,0,0,
246921,obs_st,1,1711054260,0.31,1.46,2.72,312,3,1018.7,6.4,32,43089,1.46,359,0,0,0,0,2.79,1,0,0,0,0,
246921,obs_st,1,1711054320,0.14,1.48,2.3,315,3,1018.7,6.4,32,42182,1.43,352,0,0,0,0,2.79,1,0,0,0,0,
246921,obs_st,1,1711054380,0.24,1.06,2.33,328,3,1018.6,6.5,32,40155,1.37,335,0,0,0,0,2.79,1,0,0,0,0,
246921,obs_st,1,1711054440,0.97,1.74,2.38,266,3,1018.7,6.5,31,39048,1.33,325,0,0,0,0,2.79,1,0,0,0,0,
246921,obs_st,1,1711054500,0.48,1.55,3.18,316,3,1018.6,6.5,31,40259,1.37,336,0,0,0,0,2.79,1,0,0,0,0,
246921,obs_st,1,1711054560,0.78,1.62,2.88,329,3,1018.7,6.6,31,41313,1.41,345,0,0,0,0,2.79,1,0,0,0,0,
246921,obs_st,1,1711054620,0.02,1.52,3.29,285,3,1018.8,6.6,31,40462,1.38,338,0,0,0,0,2.79,1,0,0,0,0,
246921,obs_st,1,1711054680,0.97,1.99,3.01,317,3,1018.7,6.6,31,38750,1.32,323,0,0,0,0,2.79,1,0,0,0,0,
246921,obs_st,1,1711054740,0,0.89,1.76,326,3,1018.7,6.6,31,38832,1.32,323,0,0,0,0,2.79,1,0,0,0,0,
246921,obs_st,1,1711054800,0.32,1.21,2.98,328,3,1018.7,6.6,31,38822,1.32,323,0,0,0,0,2.79,1,0,0,0,0,
246921,obs_st,1,1711054860,0.23,1.59,2.97,323,3,1018.7,6.7,31,39227,1.33,327,0,0,0,0,2.79,1,0,0,0,0,
246921,obs_st,1,1711054920,0.1,1.67,3.24,335,3,1018.7,6.7,31,38778,1.32,323,0,0,0,0,2.79,1,0,0,0,0,
246921,obs_st,1,1711054980,0.37,1.37,2.79,295,3,1018.6,6.7,31,37904,1.29,316,0,0,0,0,2.79,1,0,0,0,0,
246921,obs_st,1,1711055040,0.61,1.78,3.43,316,3,1018.7,6.7,32,36437,1.24,304,0,0,0,0,2.79,1,0,0,0,0,
246921,obs_st,1,1711055100,0.89,2.44,3.96,342,3,1018.8,6.8,31,36503,1.24,304,0,0,0,0,2.79,1,0,0,0,0,
246921,obs_st,1,1711055160,0.51,1.58,3.55,325,3,1018.7,6.8,32,36466,1.24,304,0,0,0,0,2.79,1,0,0,0,0,
246921,obs_st,1,1711055220,0.57,1.44,3.24,291,3,1018.7,6.8,31,36428,1.24,303,0,0,0,0,2.79,1,0,0,0,0,
246921,obs_st,1,1711055280,0.76,2.12,3.19,333,3,1018.6,6.8,31,36359,1.24,303,0,0,0,0,2.79,1,0,0,0,0,
246921,obs_st,1,1711055340,0.42,2.22,4.38,333,3,1018.7,6.8,32,35935,1.22,300,0,0,0,0,2.79,1,0,0,0,0,
246921,obs_st,1,1711055400,0.1,1.14,1.86,294,3,1018.7,6.7,32,35418,1.2,295,0,0,0,0,2.79,1,0,0,0,0,
246921,obs_st,1,1711055460,0.66,2.41,4.06,338,3,1018.7,6.7,31,34935,1.19,291,0,0,0,0,2.79,1,0,0,0,0,
246921,obs_st,1,1711055520,0.67,2.01,3.51,341,3,1018.7,6.7,31,34465,1.17,287,0,0,0,0,2.79,1,0,0,0,0,
246921,obs_st,1,1711055580,0,0.75,2.22,334,3,1018.7,6.7,32,34093,1.16,284,0,0,0,0,2.79,1,0,0,0,0,
246921,obs_st,1,1711055640,0.38,1.53,3.52,245,3,1018.6,6.7,31,33357,1.13,278,0,0,0,0,2.79,1,0,0,0,0,
246921,obs_st,1,1711055700,0.55,1.56,3.47,304,3,1018.6,6.7,31,33090,1.12,276,0,0,0,0,2.79,1,0,0,0,0,
246921,obs_st,1,1711055760,0.11,1.25,2.67,295,3,1018.6,6.8,31,32803,1.11,273,0,0,0,0,2.79,1,0,0,0,0,
246921,obs_st,1,1711055820,0.12,1.35,2.66,305,3,1018.6,6.8,31,32401,1.1,270,0,0,0,0,2.79,1,0,0,0,0,
246921,obs_st,1,1711055880,0.02,1.1,2.22,298,3,1018.7,6.8,31,31685,1.08,264,0,0,0,0,2.79,1,0,0,0,0,
246921,obs_st,1,1711055940,0.18,1.74,2.99,349,3,1018.7,6.9,31,30708,1.04,256,0,0,0,0,2.79,1,0,0,0,0,
246921,obs_st,1,1711056000,0.03,0.84,1.7,248,3,1018.7,6.9,31,29773,1.01,248,0,0,0,0,2.79,1,0,0,0,0,
246921,obs_st,1,1711056060,0.75,1.67,2.27,0,3,1018.7,6.9,31,29033,0.99,242,0,0,0,0,2.79,1,0,0,0,0,
246921,obs_st,1,1711056120,0.55,1.75,3.19,343,3,1018.7,7,31,26798,0.91,224,0,0,0,0,2.79,1,0,0,0,0,
246921,obs_st,1,1711056180,1.42,2.42,3.67,347,3,1018.8,6.9,31,25255,0.86,210,0,0,0,0,2.79,1,0,0,0,0,
246921,obs_st,1,1711056240,0.32,1.97,3.1,340,3,1018.8,6.9,31,26553,0.9,221,0,0,0,0,2.79,1,0,0,0,0,
246921,obs_st,1,1711056300,0.09,2.28,3.6,331,3,1018.8,6.8,31,27777,0.94,232,0,0,0,0,2.79,1,0,0,0,0,
246921,obs_st,1,1711056360,1.69,2.48,3.64,354,3,1018.8,6.8,31,27631,0.94,231,0,0,0,0,2.79,1,0,0,0,0,
246921,obs_st,1,1711056420,0.7,2.27,3.86,346,3,1018.8,6.7,31,27282,0.93,227,0,0,0,0,2.79,1,0,0,0,0,
246921,obs_st,1,1711056480,0.58,2.38,3.53,344,3,1018.9,6.6,31,25917,0.88,216,0,0,0,0,2.79,1,0,0,0,0,
246921,obs_st,1,1711056540,0.01,1.45,2.85,344,3,1018.9,6.5,31,26221,0.89,218,0,0,0,0,2.79,1,0,0,0,0,
246921,obs_st,1,1711056600,1.02,2.47,3.5,342,3,1018.9,6.5,31,26481,0.9,221,0,0,0,0,2.79,1,0,0,0,0,
246921,obs_st,1,1711056660,0.03,1.21,2.1,333,3,1018.9,6.5,31,26622,0.9,222,0,0,0,0,2.79,1,0,0,0,0,
246921,obs_st,1,1711056720,0,0.91,2.3,356,3,1018.9,6.5,31,26183,0.89,218,0,0,0,0,2.79,1,0,0,0,0,
246921,obs_st,1,1711056780,0.48,2.03,3.56,341,3,1018.9,6.5,31,25684,0.87,214,0,0,0,0,2.79,1,0,0,0,0,
246921,obs_st,1,1711056840,0.61,1.93,3.02,350,3,1018.9,6.5,31,25175,0.86,209,0,0,0,0,2.79,1,0,0,0,0,
246921,obs_st,1,1711056900,0.25,1.95,3.01,341,3,1018.9,6.5,32,24594,0.84,205,0,0,0,0,2.79,1,0,0,0,0,
246921,obs_st,1,1711056960,0.35,2.53,4.56,353,3,1019,6.5,31,24166,0.82,202,0,0,0,0,2.79,1,0,0,0,0,
246921,obs_st,1,1711057020,0.89,1.64,2.46,345,3,1019,6.5,32,23617,0.8,197,0,0,0,0,2.79,1,0,0,0,0,
246921,obs_st,1,1711057080,0.51,2.21,3.74,350,3,1019,6.4,32,23010,0.78,192,0,0,0,0,2.79,1,0,0,0,0,
246921,obs_st,1,1711057140,1.34,2.24,3.74,337,3,1019,6.4,32,22226,0.76,186,0,0,0,0,2.79,1,0,0,0,0,
246921,obs_st,1,1711057200,0.57,1.14,2.45,324,3,1019,6.4,32,20610,0.7,171,0,0,0,0,2.79,1,0,0,0,0,
246921,obs_st,1,1711057260,0.06,1.1,3.18,333,3,1018.9,6.4,32,19286,0.66,161,0,0,0,0,2.79,1,0,0,0,0,
246921,obs_st,1,1711057320,0.01,0.89,2.95,280,3,1019,6.5,32,18706,0.64,156,0,0,0,0,2.79,1,0,0,0,0,
246921,obs_st,1,1711057380,0.26,1.54,3,249,3,1019,6.5,32,18411,0.63,154,0,0,0,0,2.79,1,0,0,0,0,
246921,obs_st,1,1711057440,0.91,2.05,3.37,261,3,1019.1,6.5,32,17809,0.6,148,0,0,0,0,2.79,1,0,0,0,0,
246921,obs_st,1,1711057500,0.17,1.51,2.17,328,3,1019.1,6.5,32,18977,0.64,158,0,0,0,0,2.79,1,0,0,0,0,
246921,obs_st,1,1711057560,0.1,1.26,3.4,316,3,1019.1,6.5,32,19642,0.67,164,0,0,0,0,2.79,1,0,0,0,0,
246921,obs_st,1,1711057620,0.34,1.41,3.69,281,3,1019.1,6.5,32,17680,0.6,148,0,0,0,0,2.79,1,0,0,0,0,
246921,obs_st,1,1711057680,0.24,1.4,3.73,332,3,1019.1,6.4,32,14006,0.47,117,0,0,0,0,2.79,1,0,0,0,0,
246921,obs_st,1,1711057740,0.37,1.55,2.81,307,3,1019.1,6.4,32,11826,0.4,99,0,0,0,0,2.79,1,0,0,0,0,
246921,obs_st,1,1711057800,0.1,1.18,1.95,265,3,1019.2,6.4,32,10925,0.37,91,0,0,0,0,2.79,1,0,0,0,0,
246921,obs_st,1,1711057860,0.67,1.62,2.93,231,3,1019.1,6.4,32,12053,0.41,101,0,0,0,0,2.79,1,0,0,0,0,
246921,obs_st,1,1711057920,0.03,1.18,2.66,274,3,1019.2,6.3,32,12188,0.41,102,0,0,0,0,2.79,1,0,0,0,0,
246921,obs_st,1,1711057980,0.01,0.96,1.69,343,3,1019.2,6.3,32,11461,0.39,95,0,0,0,0,2.79,1,0,0,0,0,
246921,obs_st,1,1711058040,0,0.35,0.89,260,3,1019.2,6.3,32,10727,0.36,89,0,0,0,0,2.79,1,0,0,0,0,
246921,obs_st,1,1711058100,0.53,1.6,3.66,342,3,1019.3,6.3,33,12043,0.41,101,0,0,0,0,2.79,1,0,0,0,0,
246921,obs_st,1,1711058160,0.36,1.25,2.18,286,3,1019.3,6.3,32,13375,0.45,111,0,0,0,0,2.79,1,0,0,0,0,
246921,obs_st,1,1711058220,0.36,1.56,2.57,249,3,1019.3,6.3,32,12872,0.44,107,0,0,0,0,2.79,1,0,0,0,0,
246921,obs_st,1,1711058280,0.01,0.93,1.76,337,3,1019.3,6.4,33,10834,0.37,90,0,0,0,0,2.79,1,0,0,0,0,
246921,obs_st,1,1711058340,0,1.46,2.54,350,3,1019.3,6.4,33,10057,0.34,84,0,0,0,0,2.79,1,0,0,0,0,
246921,obs_st,1,1711058400,0.05,1.38,2.57,329,3,1019.4,6.4,33,10280,0.35,86,0,0,0,0,2.79,1,0,0,0,0,
246921,obs_st,1,1711058460,0.17,1.78,3.71,337,3,1019.4,6.4,33,9416,0.32,79,0,0,0,0,2.79,1,0,0,0,0,
246921,obs_st,1,1711058520,0.35,1.54,3.19,327,3,1019.5,6.3,33,8692,0.29,72,0,0,0,0,2.79,1,0,0,0,0,
246921,obs_st,1,1711058580,0.23,1.54,2.64,323,3,1019.4,6.3,33,7942,0.27,66,0,0,0,0,2.79,1,0,0,0,0,
246921,obs_st,1,1711058640,0.06,1.1,2.8,289,3,1019.5,6.3,33,8334,0.28,70,0,0,0,0,2.79,1,0,0,0,0,
246921,obs_st,1,1711058700,0.37,1.38,2.69,289,3,1019.5,6.2,33,8372,0.28,70,0,0,0,0,2.79,1,0,0,0,0,
246921,obs_st,1,1711058760,0.84,1.49,2.66,281,3,1019.5,6.2,33,8819,0.3,73,0,0,0,0,2.79,1,0,0,0,0,
246921,obs_st,1,1711058820,0.09,1.89,3.39,346,3,1019.5,6.2,33,9496,0.32,80,0,0,0,0,2.79,1,0,0,0,0,
246921,obs_st,1,1711058880,0.6,1.65,2.71,319,3,1019.5,6.2,33,8484,0.29,71,0,0,0,0,2.79,1,0,0,0,0,
246921,obs_st,1,1711058940,0,0.87,2.26,317,3,1019.6,6.1,33,7252,0.25,60,0,0,0,0,2.79,1,0,0,0,0,
246921,obs_st,1,1711059000,0.01,1.23,2.37,298,3,1019.6,6.1,33,7399,0.25,62,0,0,0,0,2.79,1,0,0,0,0,
246921,obs_st,1,1711059060,0.73,1.9,3.35,344,3,1019.6,6.1,33,7127,0.24,59,0,0,0,0,2.79,1,0,0,0,0,
246921,obs_st,1,1711059120,1.31,2.54,4.05,346,3,1019.6,6,33,6697,0.23,56,0,0,0,0,2.79,1,0,0,0,0,
246921,obs_st,1,1711059180,0.29,1.63,2.8,337,3,1019.6,6,33,6052,0.21,50,0,0,0,0,2.79,1,0,0,0,0,
246921,obs_st,1,1711059240,0.01,1.26,2.83,336,3,1019.6,6,33,5256,0.18,44,0,0,0,0,2.79,1,0,0,0,0,
246921,obs_st,1,1711059300,0.6,2.23,3.87,339,3,1019.7,5.9,33,4962,0.17,42,0,0,0,0,2.78,1,0,0,0,0,
246921,obs_st,1,1711059360,0.13,1.21,2.4,340,3,1019.7,5.9,33,4377,0.15,36,0,0,0,0,2.78,1,0,0,0,0,
246921,obs_st,1,1711059420,0.06,1.92,3.76,330,3,1019.7,5.9,33,3951,0.13,33,0,0,0,0,2.78,1,0,0,0,0,
246921,obs_st,1,1711059480,0.39,1.46,2.69,338,3,1019.8,5.8,33,3901,0.13,33,0,0,0,0,2.78,1,0,0,0,0,
246921,obs_st,1,1711059540,0.87,2.25,3.8,340,3,1019.8,5.8,33,3817,0.13,32,0,0,0,0,2.77,1,0,0,0,0,
246921,obs_st,1,1711059600,1.31,2.68,4.45,344,3,1019.8,5.8,33,3761,0.13,31,0,0,0,0,2.77,1,0,0,0,0,
246921,obs_st,1,1711059660,0.52,1.72,2.97,345,3,1019.8,5.7,33,3694,0.12,31,0,0,0,0,2.77,1,0,0,0,0,
246921,obs_st,1,1711059720,0.59,1.53,2.59,306,3,1019.9,5.7,33,3614,0.12,30,0,0,0,0,2.77,1,0,0,0,0,
246921,obs_st,1,1711059780,1,2.18,3.23,343,3,1019.9,5.7,33,3574,0.12,30,0,0,0,0,2.77,1,0,0,0,0,
246921,obs_st,1,1711059840,0.61,1.4,2.44,334,3,1019.9,5.7,34,3506,0.12,29,0,0,0,0,2.77,1,0,0,0,0,
246921,obs_st,1,1711059900,0.1,1.11,3.12,333,3,1020,5.6,34,3422,0.12,28,0,0,0,0,2.77,1,0,0,0,0,
246921,obs_st,1,1711059960,0.06,0.91,2.11,309,3,1020,5.6,34,3317,0.11,27,0,0,0,0,2.77,1,0,0,0,0,
246921,obs_st,1,1711060020,0.01,0.92,1.8,343,3,1020,5.6,34,3199,0.11,27,0,0,0,0,2.76,1,0,0,0,0,
246921,obs_st,1,1711060080,0.07,1.49,2.52,337,3,1020,5.6,34,3105,0.1,26,0,0,0,0,2.76,1,0,0,0,0,
246921,obs_st,1,1711060140,0,0.62,1.81,322,3,1020.1,5.6,34,2984,0.1,25,0,0,0,0,2.76,1,0,0,0,0,
246921,obs_st,1,1711060200,0.1,1.11,2.12,331,3,1020.1,5.6,34,2866,0.1,24,0,0,0,0,2.76,1,0,0,0,0,
246921,obs_st,1,1711060260,0.51,1.27,2.51,251,3,1020.1,5.6,34,2767,0.09,23,0,0,0,0,2.76,1,0,0,0,0,
246921,obs_st,1,1711060320,0,0.56,1.59,286,3,1020.1,5.6,34,2697,0.09,22,0,0,0,0,2.76,1,0,0,0,0,
246921,obs_st,1,1711060380,0.02,1.28,2.27,345,3,1020.1,5.6,34,2651,0.09,22,0,0,0,0,2.76,1,0,0,0,0,
246921,obs_st,1,1711060440,0.32,1.29,2.2,339,3,1020.1,5.5,34,2594,0.09,21,0,0,0,0,2.75,1,0,0,0,0,
246921,obs_st,1,1711060500,0.06,1.13,2.19,342,3,1020.1,5.5,34,2549,0.09,21,0,0,0,0,2.75,1,0,0,0,0,
246921,obs_st,1,1711060560,0,0.24,1.5,328,3,1020.2,5.5,34,2504,0.08,21,0,0,0,0,2.75,1,0,0,0,0,
246921,obs_st,1,1711060620,0.29,1.1,1.98,332,3,1020.2,5.5,34,2460,0.08,20,0,0,0,0,2.75,1,0,0,0,0,
246921,obs_st,1,1711060680,0.08,1.71,3.54,332,3,1020.2,5.5,34,2406,0.08,20,0,0,0,0,2.75,1,0,0,0,0,
246921,obs_st,1,1711060740,0.55,1.66,2.85,296,3,1020.2,5.5,34,2345,0.08,19,0,0,0,0,2.75,1,0,0,0,0,
246921,obs_st,1,1711060800,0.92,1.82,2.93,308,3,1020.2,5.5,34,2277,0.08,19,0,0,0,0,2.75,1,0,0,0,0,
246921,obs_st,1,1711060860,0.6,2.14,3.81,346,3,1020.2,5.5,33,2195,0.07,19,0,0,0,0,2.75,1,0,0,0,0,
246921,obs_st,1,1711060920,0.84,2.24,3.82,343,3,1020.2,5.5,33,2109,0.07,18,0,0,0,0,2.75,1,0,0,0,0,
246921,obs_st,1,1711060980,0.04,1.12,3.07,322,3,1020.3,5.4,33,2023,0.07,17,0,0,0,0,2.75,1,0,0,0,0,
246921,obs_st,1,1711061040,0.07,1.38,3.19,337,3,1020.4,5.4,33,1935,0.06,16,0,0,0,0,2.74,1,0,0,0,0,
246921,obs_st,1,1711061100,0.02,1.02,2.29,350,3,1020.4,5.4,33,1850,0.06,15,0,0,0,0,2.74,1,0,0,0,0,
246921,obs_st,1,1711061160,0.07,1.38,2.64,334,3,1020.4,5.4,33,1765,0.06,15,0,0,0,0,2.74,1,0,0,0,0,
246921,obs_st,1,1711061220,0.07,1.2,3.32,9,3,1020.4,5.4,33,1683,0.06,14,0,0,0,0,2.74,1,0,0,0,0,
246921,obs_st,1,1711061280,0.25,1.66,2.61,336,3,1020.4,5.3,34,1602,0.05,13,0,0,0,0,2.74,1,0,0,0,0,
246921,obs_st,1,1711061340,0.07,1.15,1.9,327,3,1020.6,5.3,34,1525,0.05,12,0,0,0,0,2.74,1,0,0,0,0,
246921,obs_st,1,1711061400,0,1.23,3.21,329,3,1020.5,5.3,34,1450,0.05,12,0,0,0,0,2.74,1,0,0,0,0,
246921,obs_st,1,1711061460,0.94,1.86,3.21,345,3,1020.5,5.3,33,1377,0.05,11,0,0,0,0,2.74,1,0,0,0,0,
246921,obs_st,1,1711061520,0,0.52,1.49,331,3,1020.5,5.3,33,1305,0.04,11,0,0,0,0,2.74,1,0,0,0,0,
246921,obs_st,1,1711061580,0.18,1.07,2.05,352,3,1020.5,5.2,33,1234,0.04,11,0,0,0,0,2.73,1,0,0,0,0,
246921,obs_st,1,1711061640,0.08,1.63,2.9,353,3,1020.5,5.2,33,1163,0.04,10,0,0,0,0,2.74,1,0,0,0,0,
246921,obs_st,1,1711061700,0.67,1.95,2.94,351,3,1020.6,5.2,33,1093,0.04,9,0,0,0,0,2.74,1,0,0,0,0,
246921,obs_st,1,1711061760,0.03,1.44,2.98,343,3,1020.6,5.2,33,1024,0.03,9,0,0,0,0,2.73,1,0,0,0,0,
246921,obs_st,1,1711061820,0.02,0.95,1.6,344,3,1020.6,5.2,33,956,0.03,8,0,0,0,0,2.74,1,0,0,0,0,
246921,obs_st,1,1711061880,0.31,1.02,1.67,275,3,1020.6,5.2,34,891,0.03,7,0,0,0,0,2.73,1,0,0,0,0,
246921,obs_st,1,1711061940,0.03,1.25,2.78,269,3,1020.6,5.2,34,827,0.03,7,0,0,0,0,2.73,1,0,0,0,0,
246921,obs_st,1,1711062000,0.12,1.67,3.49,342,3,1020.7,5.1,34,764,0.02,6,0,0,0,0,2.73,1,0,0,0,0,
246921,obs_st,1,1711062060,0.5,1.24,1.97,350,3,1020.6,5.1,34,704,0.02,6,0,0,0,0,2.73,1,0,0,0,0,
246921,obs_st,1,1711062120,0,0.55,1.32,338,3,1020.7,5.1,34,647,0.02,5,0,0,0,0,2.73,1,0,0,0,0,
246921,obs_st,1,1711062180,0.45,1.9,3.03,347,3,1020.7,5.1,34,591,0.02,5,0,0,0,0,2.73,1,0,0,0,0,
246921,obs_st,1,1711062240,0.35,1.18,2.72,342,3,1020.7,5.1,34,539,0.02,4,0,0,0,0,2.73,1,0,0,0,0,
246921,obs_st,1,1711062300,0.87,1.97,2.88,347,3,1020.7,5.1,34,490,0.02,4,0,0,0,0,2.73,1,0,0,0,0,
246921,obs_st,1,1711062360,0.48,1.31,2.4,348,3,1020.8,5,34,442,0.01,4,0,0,0,0,2.73,1,0,0,0,0,
246921,obs_st,1,1711062420,1.22,1.75,2.67,347,3,1020.8,5,34,397,0.01,4,0,0,0,0,2.73,1,0,0,0,0,
246921,obs_st,1,1711062480,0,1.03,2.76,295,3,1020.8,5,34,355,0.01,3,0,0,0,0,2.73,1,0,0,0,0,
246921,obs_st,1,1711062540,0.35,1.21,1.92,343,3,1020.8,5,34,316,0.01,3,0,0,0,0,2.73,1,0,0,0,0,
246921,obs_st,1,1711062600,0.36,1.41,2.65,345,3,1020.8,5,34,281,0.01,3,0,0,0,0,2.73,1,0,0,0,0,
246921,obs_st,1,1711062660,1.34,1.83,2.47,348,3,1020.8,5,34,247,0.01,2,0,0,0,0,2.72,1,0,0,0,0,
246921,obs_st,1,1711062720,0.52,1.77,2.67,344,3,1020.8,4.9,34,217,0.01,2,0,0,0,0,2.72,1,0,0,0,0,
246921,obs_st,1,1711062780,0.59,1.43,2.33,344,3,1020.9,4.9,34,189,0,2,0,0,0,0,2.73,1,0,0,0,0,
246921,obs_st,1,1711062840,0,0.56,1.87,344,3,1020.9,4.9,35,164,0,2,0,0,0,0,2.73,1,0,0,0,0,
246921,obs_st,1,1711062900,0.52,1.26,2.29,342,3,1020.9,4.9,35,141,0,1,0,0,0,0,2.72,1,0,0,0,0,
246921,obs_st,1,1711062960,0.26,1.15,1.77,346,3,1020.9,4.8,35,121,0,1,0,0,0,0,2.73,1,0,0,0,0,
246921,obs_st,1,1711063020,0.68,1.13,1.58,342,3,1021,4.8,35,103,0,1,0,0,0,0,2.72,1,0,0,0,0,
246921,obs_st,1,1711063080,0.05,0.83,1.18,338,3,1021,4.8,35,87,0,1,0,0,0,0,2.72,1,0,0,0,0,
246921,obs_st,1,1711063140,0.11,0.97,1.93,343,3,1021,4.8,35,72,0,1,0,0,0,0,2.72,1,0,0,0,0,
246921,obs_st,1,1711063200,0.03,1.05,1.83,343,3,1021,4.8,35,61,0,1,0,0,0,0,2.72,1,0,0,0,0,
246921,obs_st,1,1711063260,0.01,0.88,2.07,325,3,1021,4.7,35,50,0,0,0,0,0,0,2.72,1,0,0,0,0,
246921,obs_st,1,1711063320,0,1.03,2.48,343,3,1021,4.7,35,42,0,0,0,0,0,0,2.72,1,0,0,0,0,
246921,obs_st,1,1711063380,0,0.65,2.19,348,3,1021,4.7,35,34,0,0,0,0,0,0,2.72,1,0,0,0,0,
246921,obs_st,1,1711063440,0,0.71,2.2,337,3,1021.1,4.7,35,27,0,0,0,0,0,0,2.72,1,0,0,0,0,
246921,obs_st,1,1711063500,0,0.33,1.32,348,3,1021.1,4.7,35,22,0,0,0,0,0,0,2.72,1,0,0,0,0,
246921,obs_st,1,1711063560,0,0.43,1.24,350,3,1021.1,4.6,35,19,0,0,0,0,0,0,2.72,1,0,0,0,0,
246921,obs_st,1,1711063620,0,0.49,1.59,341,3,1021.1,4.6,35,15,0,0,0,0,0,0,2.72,1,0,0,0,0,
246921,obs_st,1,1711063680,0.26,1.26,2.17,345,3,1021.1,4.6,35,11,0,0,0,0,0,0,2.72,1,0,0,0,0,
246921,obs_st,1,1711063740,0.07,0.96,2.02,339,3,1021.1,4.6,35,10,0,0,0,0,0,0,2.72,1,0,0,0,0,
246921,obs_st,1,1711063800,0.01,0.78,2.33,348,3,1021.1,4.6,35,7,0,0,0,0,0,0,2.72,1,0,0,0,0,
246921,obs_st,1,1711063860,0.98,1.37,1.88,352,3,1021.1,4.6,35,6,0,0,0,0,0,0,2.72,1,0,0,0,0,
246921,obs_st,1,1711063920,0,0.41,0.98,314,3,1021.2,4.6,35,4,0,0,0,0,0,0,2.72,1,0,0,0,0,
246921,obs_st,1,1711063980,0.76,1.42,1.93,357,3,1021.2,4.5,36,4,0,0,0,0,0,0,2.72,1,0,0,0,0,
246921,obs_st,1,1711064040,0.01,0.42,1.19,333,3,1021.2,4.5,36,3,0,0,0,0,0,0,2.72,1,0,0,0,0,
246921,obs_st,1,1711064100,0.02,1.17,1.9,345,3,1021.2,4.5,36,3,0,0,0,0,0,0,2.71,1,0,0,0,0,
246921,obs_st,1,1711064160,0,0.56,1.81,347,3,1021.2,4.5,36,2,0,0,0,0,0,0,2.72,1,0,0,0,0,
246921,obs_st,1,1711064220,0,0.77,1.69,348,3,1021.2,4.5,36,3,0,0,0,0,0,0,2.71,1,0,0,0,0,
246921,obs_st,1,1711064280,0.07,1.13,1.96,347,3,1021.3,4.5,35,3,0,0,0,0,0,0,2.71,1,0,0,0,0,
246921,obs_st,1,1711064340,0.78,1.18,1.67,347,3,1021.3,4.5,35,1,0,0,0,0,0,0,2.71,1,0,0,0,0,
246921,obs_st,1,1711064400,0.67,0.9,1.39,345,3,1021.3,4.4,36,1,0,0,0,0,0,0,2.71,1,0,0,0,0,
246921,obs_st,1,1711064460,0.82,1.17,1.49,348,3,1021.4,4.4,36,1,0,0,0,0,0,0,2.71,1,0,0,0,0,
246921,obs_st,1,1711064520,0,0.45,1.33,339,3,1021.4,4.4,36,1,0,0,0,0,0,0,2.71,1,0,0,0,0,
246921,obs_st,1,1711064580,0.01,0.89,1.64,346,3,1021.4,4.4,36,1,0,0,0,0,0,0,2.71,1,0,0,0,0,
246921,obs_st,1,1711064640,0,0.55,1.49,337,3,1021.4,4.4,36,1,0,0,0,0,0,0,2.71,1,0,0,0,0,
246921,obs_st,1,1711064700,0,0.35,1.08,353,3,1021.4,4.3,36,1,0,0,0,0,0,0,2.71,1,0,0,0,0,
246921,obs_st,1,1711064760,0,0.87,1.72,346,3,1021.5,4.3,36,1,0,0,0,0,0,0,2.71,1,0,0,0,0,
246921,obs_st,1,1711064820,0,0.09,0.63,324,3,1021.5,4.3,36,1,0,0,0,0,0,0,2.71,1,0,0,0,0,
246921,obs_st,1,1711064880,0,0.75,1.34,1,3,1021.5,4.3,36,1,0,0,0,0,0,0,2.71,1,0,0,0,0,
246921,obs_st,1,1711064940,0.39,0.98,1.36,2,3,1021.5,4.3,36,1,0,0,0,0,0,0,2.71,1,0,0,0,0,
246921,obs_st,1,1711065000,0,0.66,1.25,345,3,1021.5,4.2,36,1,0,0,0,0,0,0,2.71,1,0,0,0,0,
246921,obs_st,1,1711065060,0,0.57,1.23,354,3,1021.5,4.2,36,1,0,0,0,0,0,0,2.71,1,0,0,0,0,
246921,obs_st,1,1711065120,0,0.66,1,349,3,1021.6,4.2,36,1,0,0,0,0,0,0,2.71,1,0,0,0,0,
246921,obs_st,1,1711065180,0,0.17,0.92,348,3,1021.5,4.2,37,1,0,0,0,0,0,0,2.71,1,0,0,0,0,
246921,obs_st,1,1711065240,0,0.61,1.05,349,3,1021.6,4.2,37,1,0,0,0,0,0,0,2.71,1,0,0,0,0,
246921,obs_st,1,1711065300,0,0.4,1.11,340,3,1021.6,4.2,37,1,0,0,0,0,0,0,2.71,1,0,0,0,0,
246921,obs_st,1,1711065360,0,0,0.02,270,3,1021.6,4.1,37,1,0,0,0,0,0,0,2.71,1,0,0,0,0,
246921,obs_st,1,1711065420,0,0.8,1.81,351,3,1021.6,4.1,37,1,0,0,0,0,0,0,2.71,1,0,0,0,0,
246921,obs_st,1,1711065480,0.24,1.2,1.92,350,3,1021.6,4.1,37,1,0,0,0,0,0,0,2.71,1,0,0,0,0,
246921,obs_st,1,1711065540,0.63,1.06,1.88,347,3,1021.6,4.1,37,1,0,0,0,0,0,0,2.71,1,0,0,0,0,
246921,obs_st,1,1711065600,0.01,0.59,1.21,354,3,1021.6,4.1,37,1,0,0,0,0,0,0,2.71,1,0,0,0,0,
246921,obs_st,1,1711065660,0.82,1.09,1.64,359,3,1021.6,4.1,36,1,0,0,0,0,0,0,2.71,1,0,0,0,0,
246921,obs_st,1,1711065720,0,0.56,1.1,346,3,1021.6,4.1,36,1,0,0,0,0,0,0,2.71,1,0,0,0,0,
246921,obs_st,1,1711065780,0,0.01,0.12,357,3,1021.6,4,37,1,0,0,0,0,0,0,2.71,1,0,0,0,0,
246921,obs_st,1,1711065840,0,0.31,0.8,355,3,1021.6,4,37,0,0,0,0,0,0,0,2.71,1,0,0,0,0,
246921,obs_st,1,1711065900,0,0.36,0.64,357,3,1021.7,4,37,1,0,0,0,0,0,0,2.71,1,0,0,0,0,
246921,obs_st,1,1711065960,0,0.35,1.07,351,3,1021.7,4,37,1,0,0,0,0,0,0,2.71,1,0,0,0,0,
246921,obs_st,1,1711066020,0,0.19,0.71,345,3,1021.7,4,37,1,0,0,0,0,0,0,2.7,1,0,0,0,0,
246921,obs_st,1,1711066080,0,0.55,0.99,350,3,1021.7,4,37,1,0,0,0,0,0,0,2.7,1,0,0,0,0,
246921,obs_st,1,1711066140,0,0.31,0.82,340,3,1021.8,3.9,37,1,0,0,0,0,0,0,2.71,1,0,0,0,0,
246921,obs_st,1,1711066200,0,0.29,0.79,349,3,1021.8,3.9,37,1,0,0,0,0,0,0,2.7,1,0,0,0,0,
246921,obs_st,1,1711066260,0,0.28,0.94,354,3,1021.8,3.9,38,1,0,0,0,0,0,0,2.7,1,0,0,0,0,
246921,obs_st,1,1711066320,0.01,0.51,0.89,352,3,1021.8,3.9,37,1,0,0,0,0,0,0,2.7,1,0,0,0,0,
246921,obs_st,1,1711066380,0,0.32,0.93,349,3,1021.8,3.8,37,1,0,0,0,0,0,0,2.71,1,0,0,0,0,
246921,obs_st,1,1711066440,0,0.05,0.67,359,3,1021.9,3.8,38,1,0,0,0,0,0,0,2.7,1,0,0,0,0,
246921,obs_st,1,1711066500,0,0.54,1.06,349,3,1021.9,3.8,38,1,0,0,0,0,0,0,2.7,1,0,0,0,0,
246921,obs_st,1,1711066560,0,0.29,1,351,3,1021.9,3.8,38,1,0,0,0,0,0,0,2.7,1,0,0,0,0,
246921,obs_st,1,1711066620,0,0.19,0.99,333,3,1021.9,3.8,38,1,0,0,0,0,0,0,2.7,1,0,0,0,0,
246921,obs_st,1,1711066680,0,0.13,1.05,333,3,1021.9,3.7,38,1,0,0,0,0,0,0,2.7,1,0,0,0,0,
246921,obs_st,1,1711066740,0,0.16,0.74,346,3,1021.9,3.7,38,1,0,0,0,0,0,0,2.7,1,0,0,0,0,
246921,obs_st,1,1711066800,0,0.25,0.69,337,3,1021.9,3.7,38,1,0,0,0,0,0,0,2.7,1,0,0,0,0,
246921,obs_st,1,1711066860,0,0.05,0.39,329,3,1021.9,3.6,38,1,0,0,0,0,0,0,2.7,1,0,0,0,0,
246921,obs_st,1,1711066920,0,0.08,0.45,359,3,1021.9,3.6,38,1,0,0,0,0,0,0,2.7,1,0,0,0,0,
246921,obs_st,1,1711066980,0,0.01,0.11,350,3,1022,3.6,38,1,0,0,0,0,0,0,2.7,1,0,0,0,0,
246921,obs_st,1,1711067040,0,0,0,0,3,1022,3.6,39,1,0,0,0,0,0,0,2.7,1,0,0,0,0,
246921,obs_st,1,1711067100,0,0,0,0,3,1022,3.5,42,1,0,0,0,0,0,0,2.7,1,0,0,0,0,
246921,obs_st,1,1711067160,0,0,0,0,3,1022.1,3.5,45,1,0,0,0,0,0,0,2.7,1,0,0,0,0,
246921,obs_st,1,1711067220,0,0,0,0,3,1022.1,3.4,46,1,0,0,0,0,0,0,2.7,1,0,0,0,0,
246921,obs_st,1,1711067280,0,0.01,0.19,19,3,1022.2,3.3,46,1,0,0,0,0,0,0,2.7,1,0,0,0,0,
246921,obs_st,1,1711067340,0,0,0,0,3,1022.2,3.3,46,1,0,0,0,0,0,0,2.7,1,0,0,0,0,
246921,obs_st,1,1711067400,0,0,0,0,3,1022.2,3.2,42,0,0,0,0,0,0,0,2.7,1,0,0,0,0,
246921,obs_st,1,1711067460,0,0,0,0,3,1022.3,3.1,44,0,0,0,0,0,0,0,2.7,1,0,0,0,0,
246921,obs_st,1,1711067520,0,0,0,0,3,1022.3,3,44,1,0,0,0,0,0,0,2.7,1,0,0,0,0,
246921,obs_st,1,1711067580,0,0,0,0,3,1022.4,2.9,42,1,0,0,0,0,0,0,2.7,1,0,0,0,0,
246921,obs_st,1,1711067640,0,0,0,0,3,1022.4,2.8,43,1,0,0,0,0,0,0,2.7,1,0,0,0,0,
246921,obs_st,1,1711067700,0,0,0,0,3,1022.5,2.8,43,1,0,0,0,0,0,0,2.7,1,0,0,0,0,
246921,obs_st,1,1711067760,0,0,0,0,3,1022.5,2.7,43,1,0,0,0,0,0,0,2.7,1,0,0,0,0,
246921,obs_st,1,1711067820,0,0,0,0,3,1022.5,2.6,43,1,0,0,0,0,0,0,2.7,1,0,0,0,0,
246921,obs_st,1,1711067880,0,0,0,0,3,1022.5,2.5,43,0,0,0,0,0,0,0,2.7,1,0,0,0,0,
246921,obs_st,1,1711067940,0,0,0,0,3,1022.6,2.5,43,1,0,0,0,0,0,0,2.7,1,0,0,0,0,
246921,obs_st,1,1711068000,0,0,0,0,3,1022.6,2.4,43,1,0,0,0,0,0,0,2.7,1,0,0,0,0,
246921,obs_st,1,1711068060,0,0,0,0,3,1022.6,2.3,44,1,0,0,0,0,0,0,2.69,1,0,0,0,0,
246921,obs_st,1,1711068120,0,0.01,0.13,70,3,1022.7,2.3,44,1,0,0,0,0,0,0,2.7,1,0,0,0,0,
246921,obs_st,1,1711068180,0,0,0,0,3,1022.7,2.2,46,1,0,0,0,0,0,0,2.7,1,0,0,0,0,
246921,obs_st,1,1711068240,0,0,0,0,3,1022.7,2.2,47,1,0,0,0,0,0,0,2.7,1,0,0,0,0,
246921,obs_st,1,1711068300,0,0.04,0.57,7,3,1022.7,2.1,48,1,0,0,0,0,0,0,2.7,1,0,0,0,0,
246921,obs_st,1,1711068360,0,0,0,0,3,1022.7,2.1,46,1,0,0,0,0,0,0,2.7,1,0,0,0,0,
246921,obs_st,1,1711068420,0,0.38,0.81,353,3,1022.7,2.1,43,1,0,0,0,0,0,0,2.7,1,0,0,0,0,
246921,obs_st,1,1711068480,0,0.28,0.84,0,3,1022.7,2.1,42,1,0,0,0,0,0,0,2.7,1,0,0,0,0,
246921,obs_st,1,1711068540,0,0.11,0.71,342,3,1022.7,2.1,42,1,0,0,0,0,0,0,2.7,1,0,0,0,0,
246921,obs_st,1,1711068600,0,0.27,0.73,343,3,1022.7,2.1,42,1,0,0,0,0,0,0,2.7,1,0,0,0,0,
246921,obs_st,1,1711068660,0,0.04,0.33,317,3,1022.8,2.2,42,1,0,0,0,0,0,0,2.7,1,0,0,0,0,
246921,obs_st,1,1711068720,0,0.02,0.35,253,3,1022.8,2.2,42,1,0,0,0,0,0,0,2.69,1,0,0,0,0,
246921,obs_st,1,1711068780,0,0.17,0.87,348,3,1022.8,2.3,42,1,0,0,0,0,0,0,2.69,1,0,0,0,0,
246921,obs_st,1,1711068840,0,0.04,0.64,346,3,1022.8,2.3,41,1,0,0,0,0,0,0,2.7,1,0,0,0,0,
246921,obs_st,1,1711068900,0,0.21,0.78,343,3,1022.8,2.4,41,0,0,0,0,0,0,0,2.69,1,0,0,0,0,
246921,obs_st,1,1711068960,0,0,0,0,3,1022.8,2.4,41,0,0,0,0,0,0,0,2.7,1,0,0,0,0,
